service,name,type,rate/1k,min,dripfeed,refill,cancel,category,Cost per Unit,Platform,Category,Type,Speed
5984,TikTok Views [Max: 1M] [Start Time: 1 Hour] [Speed: SUPER FAST],Default,0.0017,1000,TRUE,FALSE,FALSE,Tiktok Views,,,,,
2260,TikTok Views [Max: 30M] [Start Time: 0-2 Hrs] [Speed: 10M/D]ğŸ’§,Default,0.001,1000,TRUE,FALSE,FALSE,Tiktok Views,,,,,
9552,TikTok Views [Max: 40M] [Start Time: 0-3 Hrs] [Speed: 10M/D]ğŸ’§,Default,0.001,1000,TRUE,FALSE,FALSE,Tiktok Views,,,,,
6207,TikTok Views [Max: UNLIMITED ] [Start Time: 0-1 Hr] [Speed: 500M/D]ğŸ’§,Default,0.0033,1000,TRUE,FALSE,FALSE,Tiktok Views,,,,,
4245,TikTok Views [Max: 100M] [Start Time: 0-1 Hr] [Speed: 10M/D]ğŸ’§,Default,0.0013,1000,TRUE,FALSE,FALSE,Tiktok Views,,,,,
1993,TikTok Views [Max: 50M] [Refill: 30D] [Start Time: 0-2 Hours] [Speed: 5M/Day]ğŸ’§,Default,0.0013,1000,TRUE,FALSE,FALSE,Tiktok Views,,,,,
9054,TikTok Views [Max: 100M] [Start Time: 0-2 Hrs] [Speed: 50M/Day]ğŸ’§,Default,0.0037,1000,TRUE,FALSE,FALSE,Tiktok Views,,,,,
5868,TikTok Views [Max: 100M] [Start Time: 0-2 Hours] [Speed: 1M/Day]ğŸ’§,Default,0.003,1000,TRUE,FALSE,FALSE,Tiktok Views,,,,,
3849,TikTok Views [Max: 30M] [Start Time: 0-4 Hrs] [Speed: 25M/Day]ğŸ’§,Default,0.001,1000,TRUE,FALSE,FALSE,Tiktok Views,,,,,
8618,TikTok Views [Max: 20M] [Start Time: 0-2 Hours] [Speed: 5M/Day]ğŸ’§,Default,0.0012,1000,TRUE,FALSE,FALSE,Tiktok Views,,,,,
1960,TikTok Views [Max: 100M] [Start Time: 0-1 Hour] [Speed: 2M/Day],Default,0.002,1000,TRUE,FALSE,FALSE,Tiktok Views,,,,,
3090,TikTok Views [Max: 3M] [Start Time: 0-1 Hour] [Speed: 1M/Day],Default,0.0023,1000,TRUE,FALSE,FALSE,Tiktok Views,,,,,
8522,TikTok Views [Max: 100M] [Start Time: 0-2 Hours] [Speed: 1M/Day],Default,0.0023,1000,TRUE,FALSE,FALSE,Tiktok Views,,,,,
3129,Tiktok Views [Max: 5M] [Start Time: 0-1 Hour] [Speed: 5M/Day]ğŸ’§,Default,0.0029,1000,TRUE,FALSE,FALSE,Tiktok Views,,,,,
1990,TikTok Views [Max: 10M] [Start Time: 0-1 Hour] [Speed: 10M/Day]ğŸ’§,Default,0.0032,1000,TRUE,FALSE,FALSE,Tiktok Views,,,,,
4124,TikTok Views [Max: 10M] [Start Time: 0-1 Hour] [Speed: 2M/Day]ğŸ”¥ğŸ’§,Default,0.0038,1000,TRUE,FALSE,FALSE,Tiktok Views,,,,,
8234,TikTok Views [Max: 10M] [Start Time: 0-4 Hours] [Speed: 10M/Day]ğŸ”¥ğŸ’§,Default,0.0039,1000,TRUE,FALSE,FALSE,Tiktok Views,,,,,
5658,TikTok Emergency Views [Max: 10M] [Start Time: 1 Hour] [Speed: 500K/Day],Default,0.0063,1000,TRUE,FALSE,FALSE,Tiktok Views,,,,,
3227,TikTok Views [Max: 100M] [Start Time: 0 - 6 Hours] [Speed: Super FAST],Default,0.0063,1000,TRUE,FALSE,FALSE,Tiktok Views,,,,,
1004,TikTok Views [Max: 10M] [Start Time: 0 - 3 Hours] [Speed: 10M/Day],Default,0.015,1000,TRUE,FALSE,FALSE,Tiktok Views,,,,,
8411,TikTok Views [Max: 50M] [Start Time: 0 - 1 Hours] [Speed: 500K/Day] â›”ğŸ’§,Default,0.015,1000,TRUE,FALSE,FALSE,Tiktok Views,,,,,
2170,TikTok Views [Max: 10M] [Start Time: 0-1 Hour] [Speed: 10M/Day]ğŸ’§,Default,0.0188,1000,TRUE,FALSE,FALSE,Tiktok Views,,,,,
7705,Tiktok View [10M] [Start Time: Instant] [Speed: 10M / Day] ğŸ”¥,Default,0.0225,1000,TRUE,FALSE,FALSE,Tiktok Views,,,,,
7584,TikTok Views [Max: Unlimited] [Refill: No Drop] [Speed: 600K/Day] âœ¨,Default,0.025,1000,TRUE,FALSE,FALSE,Tiktok Views,,,,,
4412,TikTok Views [10M] [Start Time: Instant] [Speed: 10M / Day] ğŸ”¥ğŸ”¥,Default,0.025,1000,TRUE,FALSE,FALSE,Tiktok Views,,,,,
7513,TikTok Views [Max: 10M] [Start Time: 1 Hour] [Speed: SUPER FAST],Default,0.05,1000,TRUE,FALSE,FALSE,Tiktok Views,,,,,
4430,Tiktok View [1M] [Start Time: Instant] [Speed: 5M / Day] ğŸ”¥,Default,0.0615,1000,TRUE,FALSE,FALSE,Tiktok Views,,,,,
6695,TikTok Views [Max: Unlimited] [Refill: No] [Speed: 100K/Day],Default,0.0725,1000,TRUE,FALSE,FALSE,Tiktok Views,,,,,
3365,TikTok Views [JAP EXCLUSIVE] [Refill: 30 Days] [Max: 1M] [Start Time: 0-1 Hour] [Speed: 1M/Day] ğŸ”¥ğŸ”¥ğŸ”¥ğŸ”¥ğŸ”¥ â™»ï¸,Default,0.084,1000,TRUE,FALSE,FALSE,Tiktok Views,,,,,
5636,TikTok Views [Refill: 30 Days] [Max: 10M] [Start Time: 0-1 Hour] [Speed: 1M/Day] ğŸ”¥ â™»ï¸,Default,0.0775,1000,TRUE,FALSE,FALSE,Tiktok Views,,,,,
8526,TikTok Views + Shares + Saves [Max: 100K] [Start Time: 0-3 Hours] [Speed: 50K/Day],Default,0.2875,1000,FALSE,FALSE,FALSE,Tiktok Views,,,,,
6668,ğŸ‡·ğŸ‡ºTikTok Views [40K] [Russia] [Refill: 30 Days] [Start Time: 0 - 1 Hour] [Speed: 40K/Day],Default,2.5,1000,TRUE,FALSE,FALSE,Tiktok Views,,,,,
6669,ğŸ‡ºğŸ‡¦TikTok Views [10K] [Ukraine] [Refill: 30 Days] [Start Time: 0 - 1 Hour] [Speed: 10K/Day],Default,2.5,1000,TRUE,FALSE,FALSE,Tiktok Views,,,,,
9297,TikTok Likes [Refill: No] [Max: 100K] [Start Time: 0 - 1 Hr] [Speed: Up to 100K/D] ğŸ’§â›”ï¸,Default,0.0663,1000,TRUE,FALSE,TRUE,Tiktok Likes,,,,,
9395,TikTok Likes [Refill: No] [Max: 500K] [Start Time: 0 - 1 Hr] [Speed: Up to 100K/D] ğŸ’§â›”ï¸,Default,0.0863,1000,TRUE,FALSE,TRUE,Tiktok Likes,,,,,
8492,TikTok Likes [Max: 10K] [Refill: No] [Start Time: 0 - 2 Hours] [Speed: 10K/Day],Default,0.085,1000,TRUE,FALSE,FALSE,Tiktok Likes,,,,,
7021,TikTok Likes [Refill: No] [Max: 80K [Start Time: 0 - 1 Hr] [Speed: Up to 20K/D] ğŸ’§â›”ï¸,Default,0.2875,1000,TRUE,FALSE,FALSE,Tiktok Likes,,,,,
9396,TikTok Likes [Refill: 15D] [Max: 500K] [Start Time: 0 - 1 Hr] [Speed: Up to 100K/D] ğŸ’§â›”ï¸â™»ï¸,Default,0.0913,1000,TRUE,TRUE,TRUE,Tiktok Likes,,,,,
9179,TikTok Likes [Refill: No] [Max: 500K] [Start Time: 0 - 1 Hr] [Speed: Up to 50K/D] ğŸ’§â›”ï¸,Default,0.1063,1000,TRUE,FALSE,FALSE,Tiktok Likes,,,,,
3279,TikTok Likes + Views [Max: 20K] [Start Time: 1 Hour] [Speed: 500-1K/Hour] [Speed: Up to 20K/Day] ğŸ’§,Default,0.1625,1000,TRUE,FALSE,FALSE,Tiktok Likes,,,,,
7990,TikTok Likes [Max: 10K] [Refill: 7 Days] [Start Time: 0 - 1 Hour] [Speed: 10K/Day] ğŸ’§,Default,0.15,1000,TRUE,FALSE,FALSE,Tiktok Likes,,,,,
9181,TikTok Likes [Refill: 15D] [Max: 500K] [Start Time: 0 - 1 Hr] [Speed: Up to 50K/D] ğŸ’§â›”ï¸â™»ï¸,Default,0.1188,1000,TRUE,TRUE,TRUE,Tiktok Likes,,,,,
9182,TikTok Likes [Refill: 30D] [Max: 500K] [Start Time: 0 - 1 Hr] [Speed: Up to 50K/D] ğŸ’§â›”ï¸â™»ï¸,Default,0.125,1000,TRUE,TRUE,TRUE,Tiktok Likes,,,,,
7991,TikTok Likes [Max: 10K] [Refill: 7 Days] [Start Time: 0 - 1 Hour] [Speed: 10K/Hour] ğŸ’§â›”ï¸,Default,0.1625,1000,TRUE,FALSE,FALSE,Tiktok Likes,,,,,
9399,TikTok Likes [Refill: 30D] [Max: 500K] [Start Time: 0 - 1 Hr] [Speed: Up to 100K/D] ğŸ’§â›”ï¸â™»ï¸,Default,0.1363,1000,TRUE,TRUE,TRUE,Tiktok Likes,,,,,
9133,TikTok Likes [Refill: No] [Max: 1M] [Start Time: 0 - 1 Hr] [Speed: 25K/D] ğŸ’§â›”ï¸,Default,0.1375,1000,TRUE,FALSE,FALSE,Tiktok Likes,,,,,
9397,TikTok Likes [Refill: 60D] [Max: 500K] [Start Time: 0 - 1 Hr] [Speed: Up to 100K/D] ğŸ’§â›”ï¸â™»ï¸,Default,0.121,1000,TRUE,TRUE,TRUE,Tiktok Likes,,,,,
7554,TikTok Likes + Views [Refill: No] [Max: 1M] [Start Time: 0 - 1 Hr] [Speed: 20K/D] ğŸ’§â›”ï¸,Default,0.1425,1000,TRUE,FALSE,TRUE,Tiktok Likes,,,,,
9300,TikTok HQ Likes [Refill: No] [Max: 10M] [Start Time: 0 - 1 Hr] [Speed: Up to 100K/D] ğŸ’§â›”ï¸,Default,0.1425,1000,TRUE,FALSE,TRUE,Tiktok Likes,,,,,
9398,TikTok Likes [Refill: 365D] [Max: 500K] [Start Time: 0 - 1 Hr] [Speed: Up to 100K/D] ğŸ’§â›”ï¸â™»ï¸,Default,0.1438,1000,TRUE,TRUE,TRUE,Tiktok Likes,,,,,
8979,TikTok Likes + Views [Refill: 30D] [Max: 1M] [Start Time: 0 - 1 Hr] [Speed: 20K/D] ğŸ’§â›”ï¸â™»ï¸,Default,0.15,1000,TRUE,TRUE,TRUE,Tiktok Likes,,,,,
7775,ğŸ‡§ğŸ‡· TikTok Likes + Views [BRAZIL] [Refill: 30D] [Max: 50K] [Start Time: 1 Hour] [Speed: 20K/Day] â™»ï¸ğŸ’§â›”ï¸,Default,0.15,1000,TRUE,FALSE,TRUE,Tiktok Likes,,,,,
9301,TikTok HQ Likes [Refill: No] [Max: 10M] [Start Time: 0 - 1 Hr] [Speed: Up to 100K/D] ğŸ’§â›”ï¸â™»ï¸,Default,0.15,1000,TRUE,TRUE,TRUE,Tiktok Likes,,,,,
8956,TikTok Likes [Refill: No] [Max: 500K] [Start Time: 0 - 1 Hr] [Speed: 50K/D] ğŸ’§â›”ï¸,Default,0.1563,1000,TRUE,FALSE,FALSE,Tiktok Likes,,,,,
8733,TikTok Likes [Refill: No] [Max: 500K] [Start Time: 0 - 1 Hour] [Speed: 5K/Day] ğŸ’§â›”ï¸,Default,0.1,1000,TRUE,FALSE,FALSE,Tiktok Likes,,,,,
9021,TikTok Likes [Refill: 30D] [Max: 600K] [Start Time: 0 - 1 Hr] [Speed: 10K/D] ğŸ’§â›”ï¸,Default,0.1156,1000,TRUE,FALSE,TRUE,Tiktok Likes,,,,,
8970,TikTok Likes + Views [Refill: No] [Max: 100K] [Start Time: 0 - 1 Hr] [Speed: 10K/D] ğŸ’§â›”ï¸,Default,0.1738,1000,TRUE,FALSE,TRUE,Tiktok Likes,,,,,
8061,TikTok Likes [Refill: No] [Max: 100K] [Start Time: 0 - 6 Hrs] [Speed: 10K/D] ğŸ’§,Default,0.1363,1000,TRUE,FALSE,FALSE,Tiktok Likes,,,,,
8980,TikTok Likes + Views [MALE] [Refill: 30D] [Max: 1M] [Start Time: 0 - 1 Hr] [Speed: 20K/D] ğŸ’§â›”ï¸â™»ï¸,Default,0.2188,1000,TRUE,TRUE,TRUE,Tiktok Likes,,,,,
8981,TikTok Likes + Views [FEMALE] [Refill: 30D] [Max: 1M] [Start Time: 0 - 1 Hr] [Speed: 20K/D] ğŸ’§â›”ï¸â™»ï¸,Default,0.2188,1000,TRUE,TRUE,TRUE,Tiktok Likes,,,,,
7553,TikTok Likes [Refill: No] [Max: 5K] [Start Time: 0 - 1 Hour] [Speed: 5K/Day] ğŸ”¥,Default,0.225,1000,TRUE,FALSE,FALSE,Tiktok Likes,,,,,
8496,TikTok Likes [Max: 100K] [Refill: 30 Days] [Start Time: 0 - 3 Hours] [Speed: Up to 20K/Day] ğŸ’§,Default,0.225,1000,TRUE,FALSE,FALSE,Tiktok Likes,,,,,
479,TikTok Likes [Refill: No] [Max: 50K] [Start Time: 0 - 1 Hour] [Speed: 5K/Day] ğŸ’§â›”ï¸,Default,0.25,1000,TRUE,FALSE,TRUE,Tiktok Likes,,,,,
8101,TikTok Likes [Max: 5K] [Refill: No] [Start Time: 0 - 6 Hours] [Speed: 5K/Day],Default,0.1125,1000,TRUE,FALSE,FALSE,Tiktok Likes,,,,,
8596,TikTok Likes [Max: 100K] [Refill: 30 Days] [Start Time: 0 - 3 Hours] [Speed: Up to 10K/Day] ğŸ’§â›”ï¸,Default,0.154,1000,TRUE,FALSE,FALSE,Tiktok Likes,,,,,
7948,TikTok Likes [Max: 50K] [Refill: 30 Days] [Start Time: 0 - 3 Hours] [Speed: 5K/Day],Default,0.1625,1000,TRUE,FALSE,FALSE,Tiktok Likes,,,,,
3852,TikTok Likes [Refill: No] [Max: 100K] [Start Time: 2 Hours] [Speed: 1K/Day] ğŸ”¥,Default,0.155,1000,TRUE,FALSE,FALSE,Tiktok Likes,,,,,
2079,TikTok Likes [Refill: No] [Max: 500K] [Start Time: 0 - 1 Hr] [Speed: 250K/D]ğŸ’§â›”ï¸,Default,0.275,1000,TRUE,FALSE,FALSE,Tiktok Likes,,,,,
8639,TikTok Likes [Refill: 90D] [Max: 100K] [Start Time: 0 - 1 Hr] [Speed: 100K/D]ğŸ’§â›”ï¸,Default,0.1729,1000,TRUE,FALSE,TRUE,Tiktok Likes,,,,,
3367,TikTok Likes [Max: 500K] [Refill: 30D] [Start Time: 0 - 1 Hour] [Speed: 50K/Day]ğŸ’§â›”ï¸,Default,0.2875,1000,TRUE,FALSE,FALSE,Tiktok Likes,,,,,
2185,TikTok Likes [Max: 1K] [Refill: No] [Start Time: 0 - 1 Hour] [Speed: 1K/Hr]ğŸ’§,Default,0.1873,1000,TRUE,FALSE,TRUE,Tiktok Likes,,,,,
4243,TikTok Likes [Refill: 30 Days] [Max: 1K] [Start Time: 0-1 Hour] [Speed: 1K/Day] ğŸ”¥ â™»ï¸,Default,0.3125,1000,TRUE,FALSE,FALSE,Tiktok Likes,,,,,
2203,TikTok Likes [Max: 5K] [Refill: No] [Start Time: 0 - 1 Hour] [Speed: 5K/Hr]ğŸ’§,Default,0.3125,1000,TRUE,FALSE,FALSE,Tiktok Likes,,,,,
8495,TikTok Likes [Max: 100K] [Refill: No] [Start Time: 0 - 3 Hours] [Speed: Up to 20K/Day],Default,0.3125,1000,TRUE,FALSE,TRUE,Tiktok Likes,,,,,
9367,TikTok Likes [SERVICE ğŸ‡ªğŸ‡º ğŸ‡ºğŸ‡¸] [Refill: Non Drop] [Max: 1K] [Start Time: 0 - 8 Hrs] [Speed: Up to 500/D] ğŸ’§,Default,0.195,1000,TRUE,FALSE,FALSE,Tiktok Likes,,,,,
4374,ğŸ‡§ğŸ‡· Tiktok Likes [BRAZIL] [Refill: No] [Max: 30K] [Start Time: 0-1 Hour] [Speed: 1K/Day] ğŸ’§â›”ï¸,Default,0.3125,1000,TRUE,FALSE,TRUE,Tiktok Likes,,,,,
6554,ğŸ‡§ğŸ‡· TikTok Likes [BRAZIL] [Refill: No] [Max: 100K] [Start Time: 1 Hr] [Speed: 20K/D] ğŸ’§â›”ï¸,Default,0.325,1000,TRUE,FALSE,TRUE,Tiktok Likes,,,,,
2255,TikTok Likes [Max: 150K] [Refill: No] [Start Time: 0 - 1 Hr] [Speed: 150K/D]ğŸ’§,Default,0.35,1000,TRUE,FALSE,FALSE,Tiktok Likes,,,,,
4268,ğŸ‡§ğŸ‡· TikTok Likes [BRAZIL] [Refill: 30 D] [Max: 100K] [Start Time: 1 Hr] [Speed: 20K/D] â™»ï¸ğŸ’§â›”ï¸,Default,0.35,1000,TRUE,TRUE,TRUE,Tiktok Likes,,,,,
8102,TikTok Likes [Max: 500K] [Refill: No] [Start Time: 0 - 1 Hour] [Speed: 50K/Day]ğŸ’§â›”ï¸,Default,0.3588,1000,TRUE,FALSE,FALSE,Tiktok Likes,,,,,
4379,Tiktok Likes [Refill: 30 Days] [Max: 10K] [Start Time: 24 Hours] [Speed: 1K/Day] â™»ï¸,Default,0.36,1000,TRUE,FALSE,FALSE,Tiktok Likes,,,,,
4125,TikTok Likes [Refill: 30 Days] [Max: 1K] [Start Time: 1 Hour] [Speed: 1K/Day] â™»ï¸,Default,0.2295,1000,TRUE,FALSE,FALSE,Tiktok Likes,,,,,
2894,TikTok Likes [HQ] [Max: 15K] [Refill: No] [Start Time: 0 - 1 Hour] [Speed: 15K/D]ğŸ’§,Default,0.375,1000,TRUE,FALSE,FALSE,Tiktok Likes,,,,,
8071,TikTok Likes [Refill: 30 Days] [Max: 20K] [Start Time: 0 - 1 Hours] [Speed: 20K/Day] ğŸ’§,Default,0.235,1000,TRUE,FALSE,FALSE,Tiktok Likes,,,,,
7638,TikTok Likes [Max: 10K] [Start Time: 0 - 1 Hour] [Speed: 5K/Day] [Refill: 30 Days],Default,0.2385,1000,TRUE,FALSE,FALSE,Tiktok Likes,,,,,
7426,TikTok Likes [Women] [Max: 1K] [Refill: 30 Days] [Start Time: 0 - 1 Hour] [Speed: 1K/Day],Default,0.34,1000,TRUE,FALSE,FALSE,Tiktok Likes,,,,,
7706,TikTok Likes [Refill: No] [Max: 1K] [Start Time: 1 Hour] [Speed: 1K/Day],Default,0.255,1000,TRUE,FALSE,FALSE,Tiktok Likes,,,,,
6123,TikTok Likes [Max: 50K] [Refill: 30 Days] [Start Time: 0 - 1 Hour] [Speed: 1K/Day],Default,0.2545,1000,TRUE,FALSE,FALSE,Tiktok Likes,,,,,
7707,TikTok Likes [Max: 100K] [Start Time: 0 - 1 Hour] [Speed: 50K/Day] [Refill: 30 Days],Default,0.255,1000,TRUE,FALSE,FALSE,Tiktok Likes,,,,,
4174,TikTok Likes [Refill: 30 Days] [Max: 40K] [Start Time: 1 Hour] [Speed: 5K/Day] ğŸ’§â›”ï¸,Default,0.265,1000,TRUE,FALSE,FALSE,Tiktok Likes,,,,,
8100,TikTok Likes + Views [Max: 100K] [Refill: 30 Days] [Start Time: 0 - 6 Hours] [Speed: 50K/Day],Default,0.4625,1000,TRUE,FALSE,FALSE,Tiktok Likes,,,,,
6210,Tiktok Likes [ORGANIC] [Refill: 20D] [Max: 100K] [Start Time: 0-3 Hrs] [Speed: 15K/D] ğŸ’§â›”,Default,0.4675,1000,TRUE,FALSE,FALSE,Tiktok Likes,,,,,
2935,ğŸ‡§ğŸ‡· TikTok Likes [BRAZIL] [Refill: No] [Max: 5K] [Start Time: 0 - 1 Hr] [Speed: 5K/Day] ğŸ’§â›”ï¸,Default,0.475,1000,TRUE,FALSE,FALSE,Tiktok Likes,,,,,
2910,TikTok Likes [Max: 300K] [Refill: No] [Start Time: 0 - 1 Hr] [Speed: 300K/D]ğŸ’§,Default,0.5,1000,TRUE,FALSE,FALSE,Tiktok Likes,,,,,
8062,TikTok Likes [Refill: 30 Days] [Max: 50K] [Start Time: 0 - 1 Hour] [Speed: 20K/Day] ğŸ’§â›”ï¸,Default,0.5,1000,TRUE,FALSE,FALSE,Tiktok Likes,,,,,
7949,TikTok Likes [Max: 150K] [Refill: 30 Days] [Start Time: 0 - 1 Hour] [Speed: 10K/Day],Default,0.5,1000,TRUE,FALSE,FALSE,Tiktok Likes,,,,,
6212,TikTok Likes [Refill: No] [Max: 20K] [Start Time: 2 Hours] [Speed: 2K/Day] ğŸ”¥,Default,0.5246,1000,TRUE,FALSE,FALSE,Tiktok Likes,,,,,
2952,ğŸ‡§ğŸ‡· TikTok Likes [BRAZIL] [Refill: No] [Max: 100K] [Start Time: 0 - 1 Hr] [Speed: 50K/D] ğŸ’§â›”ï¸,Default,0.5625,1000,TRUE,FALSE,FALSE,Tiktok Likes,,,,,
2105,TikTok Likes [Refill: 365D] [Max: 500K] [Start Time: 0 - 1 Hour] [Speed: 100K/Day] ğŸ’§,Default,0.625,1000,TRUE,FALSE,FALSE,Tiktok Likes,,,,,
6728,ğŸ‡®ğŸ‡© TikTok Likes [INDONESIA] [Refill: No] [Max: 15K] [Start Time: 0 - 1 Hr] [Speed: 15K/D] ğŸ’§ â›”ï¸,Default,0.625,1000,TRUE,FALSE,FALSE,Tiktok Likes,,,,,
2920,ğŸ‡¹ğŸ‡· TikTok Likes [Turkey] [Max: 5K] [Refill: No] [Start Time: 0 - 1 Hr] [Speed: 5K/D] ğŸ’§,Default,0.6875,1000,TRUE,FALSE,FALSE,Tiktok Likes,,,,,
2956,ğŸ‡§ğŸ‡· TikTok Likes [BRAZIL] [Refill: 30D] [Max: 100K] [Start Time: 0 - 1 Hr] [Speed: 50K/D] ğŸ’§ â›”ï¸ â™»ï¸,Default,0.6875,1000,TRUE,FALSE,FALSE,Tiktok Likes,,,,,
3092,ğŸ‡¬ğŸ‡§ TikTok Likes [UK] [Refill: No] [Max: 10K] [Start Time: 0 - 1 Hr] [Speed: 10K/D] ğŸ’§ â›”ï¸,Default,0.6875,1000,TRUE,FALSE,FALSE,Tiktok Likes,,,,,
7972,TikTok Likes [Max: 40K] [Refill: 30D] [Start Time: 0 - 1 Hour] [Speed: 10K/Day],Default,0.69,1000,TRUE,FALSE,FALSE,Tiktok Likes,,,,,
8588,TikTok Likes [Max: 10K] [Refill: No Refill] [Start Time: 0 - 1 Hour] [Speed: 10K/Day],Default,0.695,1000,TRUE,FALSE,FALSE,Tiktok Likes,,,,,
2912,TikTok Likes [Max: 1M] [Refill: 360D] [Start Time: 0 - 1 Hr] [Speed: 500K/D] ğŸ’§â™»ï¸,Default,0.75,1000,TRUE,FALSE,FALSE,Tiktok Likes,,,,,
1169,Tiktok Likes [Refill: 1 Year] [Max: 10K] [Start Time: 4 Hours] [Speed: 150/Day],Default,0.465,1000,TRUE,FALSE,FALSE,Tiktok Likes,,,,,
7427,ğŸ‡¹ğŸ‡· TikTok Likes [Turkey] [Max: 1K] [Refill: 30 Days] [Start Time: 0 - 1 Hour] [Speed: 1K/Day],Default,0.7875,1000,FALSE,FALSE,FALSE,Tiktok Likes,,,,,
7665,TikTok Likes [Refill: 30 Days] [Max: 10K] [Start Time: Instant] [Speed: 10K/Day] ğŸ”¥,Default,0.875,1000,TRUE,FALSE,FALSE,Tiktok Likes,,,,,
2930,ğŸ‡¹ğŸ‡· TikTok Likes [Turkey] [Max: 20K] [Refill: No] [Start Time: 0 - 1 Hr] [Speed: 20K/D] ğŸ’§,Default,0.875,1000,TRUE,FALSE,FALSE,Tiktok Likes,,,,,
3041,ğŸ‡§ğŸ‡· TikTok Likes [BRAZIL] [Refill: 365D] [Max: 100K] [Start Time: 0 - 1 Hr] [Speed: 50K/D] ğŸ’§ â›”ï¸ â™»ï¸,Default,0.9375,1000,TRUE,FALSE,FALSE,Tiktok Likes,,,,,
7973,TikTok Likes [Max: 10K] [Refill: 30 Days] [Start Time: 0 - 1 Hour] [Speed: 10K/Day],Default,0.957,1000,TRUE,FALSE,FALSE,Tiktok Likes,,,,,
8037,TikTok Likes [Max: 10K] [Refill: 90 Days] [Start Time: 0 - 1 Hour] [Speed: 10K/Day],Default,1.25,1000,FALSE,FALSE,FALSE,Tiktok Likes,,,,,
3843,ğŸ‡¬ğŸ‡§ TikTok Likes [UK] [Refill: 30D] [Max: 100K] [Start Time: 0 - 1 Hr] [Speed: 50K/D] ğŸ’§ â›”ï¸,Default,1.375,1000,TRUE,FALSE,FALSE,Tiktok Likes,,,,,
7564,ğŸ‡®ğŸ‡© TikTok Likes [INDONESIA] [Refill: 30D] [Max: 15K] [Start Time: 0 - 1 Hr] [Speed: 50K/D] ğŸ’§ â›”ï¸ â™»ï¸,Default,1.4375,1000,TRUE,FALSE,FALSE,Tiktok Likes,,,,,
3850,Tiktok Likes [Hiqh Quality] [Refill: 30 Days] [Max: 50K] [Start Time: 1 Hours] [Speed: 10K/Day],Default,1.8125,1000,TRUE,FALSE,FALSE,Tiktok Likes,,,,,
4240,TikTok Likes [BOTS - Partial Issue] [Refill: 30 Days] [Max: 4K] [Start Time: 1 Hour] [Speed: 5K/Day] â™»ï¸,Default,1.875,1000,TRUE,FALSE,FALSE,Tiktok Likes,,,,,
6119,TikTok Likes [Refill: No] [Max: 2K] [Start Time: 0 - 1 Hour] [Speed: 1K/Day] ğŸ”¥,Default,1.875,1000,TRUE,FALSE,FALSE,Tiktok Likes,,,,,
8094,ğŸ‡§ğŸ‡· TikTok Likes [BRAZIL] [Refill: 30 Days] [Max: 100K] [Start Time: 0 - 1 Hours] [Speed: 1K/Day] ğŸ’§,Default,1.25,1000,TRUE,FALSE,FALSE,Tiktok Likes,,,,,
8199,TikTok Likes [SUPER HQ] [Start Time: 0 - 1 Hour] [Refill: 365 Days] [Max: 100K] [Speed: 5K/Day] ğŸ”¥ğŸ§¨,Default,2.44,1000,FALSE,FALSE,FALSE,Tiktok Likes,,,,,
6672,ğŸ‡·ğŸ‡ºTikTok Likes [40K] [Russia] [Refill: 30 Days] [Start Time: 0 - 1 Hour] [Speed: 100/Day],Default,5,1000,TRUE,FALSE,FALSE,Tiktok Likes,,,,,
6673,ğŸ‡ºğŸ‡¦TikTok Likes [10K] [Ukraine] [Refill: 30 Days] [Start Time: 0 - 1 Hour] [Speed: 100/Day],Default,5,1000,TRUE,FALSE,FALSE,Tiktok Likes,,,,,
1961,Tiktok Likes [Refill: 30 Days] [Max: 10K] [Start Time: 1 Hour] [Speed: 200/Day] â™»ï¸,Default,6.25,1000,FALSE,FALSE,FALSE,Tiktok Likes,,,,,
1581,TikTok HQ Followers [Refill: 30D] [Max: 30K] [Start Time: 0 - 3 Hrs] [Speed: 5K/Day] ğŸ’§â›”ï¸,Default,2.8,1000,TRUE,FALSE,FALSE,Tiktok Followers,,,,,
1050,TikTok Followers [Refill: No] [Max: 20K] [Start Time: 0 - 2 Hrs] [Speed: Up to 20K/D] ğŸ’§,Default,1.575,1000,TRUE,FALSE,FALSE,Tiktok Followers,,,,,
4432,TikTok Followers [Refill: No] [Max: 5K] [Start Time: 0 - 2 Hrs] [Speed: Up to 5K/D] ğŸ’§,Default,2.275,1000,TRUE,FALSE,FALSE,Tiktok Followers,,,,,
3364,TikTok Followers [Refill: No] [Max: 10K] [Start Time: 0 - 2 Hrs] [Speed: Up to 10K/D] ğŸ’§,Default,2.3125,1000,TRUE,FALSE,FALSE,Tiktok Followers,,,,,
3743,TikTok Followers [Refill: No] [Max: 15K] [Start Time: 0 - 2 Hrs] [Speed: Up to 15K/D] ğŸ’§,Default,2.375,1000,TRUE,FALSE,FALSE,Tiktok Followers,,,,,
9560,TikTok HQ Followers [Refill: No] [Max:50K] [Start Time: 0 - 3 Hrs] [Speed: Up to 4K/D] ğŸ’§â›”ï¸,Default,5.4375,1000,TRUE,FALSE,TRUE,Tiktok Followers,,,,,
9561,TikTok HQ Followers [Refill: 30D] [Max:50K] [Start Time: 0 - 3 Hrs] [Speed: Up to 4K/D] ğŸ’§â›”ï¸â™»ï¸,Default,5.75,1000,TRUE,TRUE,TRUE,Tiktok Followers,,,,,
9400,TikTok LQ Followers [Refill: No] [Max: 10M] [Start Time: 0 - 3 Hrs] [Speed: Up to 50K/D] ğŸ’§â›”ï¸,Default,5.75,1000,TRUE,FALSE,TRUE,Tiktok Followers,,,,,
9401,TikTok LQ Followers [Refill: 30D] [Max: 10M] [Start Time: 0 - 3 Hrs] [Speed: Up to 100K/D] ğŸ’§â›”ï¸â™»ï¸,Default,6,1000,TRUE,TRUE,TRUE,Tiktok Followers,,,,,
7230,TikTok LQ Followers [Refill: No] [Max: 10M] [Start Time: 0 - 3 Hrs] [Speed: 50K/D] ğŸ’§â›”ï¸,Default,5.625,1000,TRUE,FALSE,TRUE,Tiktok Followers,,,,,
912,TikTok LQ Followers [Refill: 30D] [Max: 10M] [Start Time: 0 - 3 Hrs] [Speed: 50K/D] ğŸ’§â›”ï¸â™»ï¸,Default,6.25,1000,TRUE,TRUE,TRUE,Tiktok Followers,,,,,
9232,TikTok Followers [HQ] [Max: 1M] [Refill: No] [Start Time: 0 - 2 Hrs] [Speed: 50K/D] ğŸ’§,Default,6.125,1000,TRUE,FALSE,FALSE,Tiktok Followers,,,,,
1248,TikTok Followers [Refill: No] [Max: 50K] [Start Time: 0 - 2 Hrs] [Speed: Up to 50K/D] ğŸ’§,Default,1.6,1000,TRUE,FALSE,FALSE,Tiktok Followers,,,,,
285,TikTok Followers [HQ] [Refill: 30D] [Max: 70K] [Start Time: 0 - 2 Hrs] [Speed: Up to 1K/D] ğŸ’§â›”,Default,4.4875,1000,TRUE,FALSE,FALSE,Tiktok Followers,,,,,
9195,TikTok HQ Followers [Refill: No] [Max: 1M] [Start Time: 0 - 3 Hrs] [Speed: 50K/D] ğŸ’§â›”ï¸,Default,6.5,1000,TRUE,FALSE,TRUE,Tiktok Followers,,,,,
9196,TikTok HQ Followers [Refill: 30D] [Max: 1M] [Start Time: 0 - 3 Hrs] [Speed: 50K/D] ğŸ’§â›”ï¸â™»ï¸,Default,5.625,1000,TRUE,TRUE,TRUE,Tiktok Followers,,,,,
9197,TikTok HQ Followers [Refill: 60D] [Max: 1M] [Start Time: 0 - 3 Hrs] [Speed: 50K/D] ğŸ’§â›”ï¸â™»ï¸,Default,5.75,1000,TRUE,TRUE,TRUE,Tiktok Followers,,,,,
9198,TikTok HQ Followers [Refill: 365D] [Max: 1M] [Start Time: 0 - 3 Hrs] [Speed: 50K/D] ğŸ’§â›”ï¸â™»ï¸,Default,5.75,1000,TRUE,TRUE,TRUE,Tiktok Followers,,,,,
4244,TikTok Followers [Refill: No] [Max: 2M] [Start Time: 0 - 2 Hrs] [Speed: Up to 200K/D] ğŸ’§,Default,5.75,1000,TRUE,FALSE,FALSE,Tiktok Followers,,,,,
6358,TikTok Followers [HQ] [Refill: No] [Max: 500K] [Start Time: 0 - 2 Hrs] [Speed: Up to 100K/D] ğŸ’§â›”ï¸,Default,5.625,1000,TRUE,FALSE,TRUE,Tiktok Followers,,,,,
9057,TikTok Followers [Refill: No] [Max: 5K] [Start Time: 0 - 2 Hrs] [Speed: Up to 5K/D] ğŸ’§â›”ï¸,Default,6.25,1000,TRUE,FALSE,TRUE,Tiktok Followers,,,,,
9058,TikTok Followers [Refill: No] [Max: 10K] [Start Time: 0 - 2 Hrs] [Speed: Up to 10K/D] ğŸ’§â›”ï¸,Default,5.7375,1000,TRUE,FALSE,TRUE,Tiktok Followers,,,,,
9059,TikTok Followers [Refill: No] [Max: 15K] [Start Time: 0 - 2 Hrs] [Speed: Up to 15K/D] ğŸ’§â›”ï¸,Default,5.85,1000,TRUE,FALSE,TRUE,Tiktok Followers,,,,,
9060,TikTok Followers [Refill: No] [Max: 20K] [Start Time: 0 - 2 Hrs] [Speed: Up to 20K/D] ğŸ’§â›”ï¸,Default,5.9625,1000,TRUE,FALSE,TRUE,Tiktok Followers,,,,,
9061,TikTok Followers [Refill: No] [Max: 50K] [Start Time: 0 - 2 Hrs] [Speed: Up to 50K/D] ğŸ’§â›”ï¸,Default,4.95,1000,TRUE,FALSE,TRUE,Tiktok Followers,,,,,
9062,TikTok Followers [Refill: No] [Max: 500K] [Start Time: 0 - 2 Hrs] [Speed: Up to 50K/D] ğŸ’§â›”ï¸,Default,5.0625,1000,TRUE,FALSE,TRUE,Tiktok Followers,,,,,
9047,TikTok Followers [Refill: No] [Max: 500K] [Start Time: 0 - 2 Hrs] [Speed: 30K/Day] ğŸ’§,Default,1.25,1000,TRUE,FALSE,FALSE,Tiktok Followers,,,,,
9046,TikTok Followers [Refill: No] [Max: 200K] [Start Time: 0 - 5 Hrs] [Speed: 2K/Day] ğŸ’§,Default,1.5625,1000,TRUE,FALSE,FALSE,Tiktok Followers,,,,,
9020,TikTok Followers [Refill: No] [Max: 500K] [Start Time: 0 - 2 Hrs] [Speed: 50K/Day] ğŸ’§â›”ï¸,Default,2.032,1000,TRUE,FALSE,FALSE,Tiktok Followers,,,,,
9045,TikTok Followers [Refill: No] [Max: 100K] [Start Time: 0 - 2 Hrs] [Speed: 20K/Day] ğŸ’§,Default,1.625,1000,TRUE,FALSE,FALSE,Tiktok Followers,,,,,
3742,TikTok Followers [Refill: No] [Max: 500K] [Start Time: 0 - 3 Hrs] [Speed: 10K/Day] ğŸ’§â›”ï¸,Default,5.5,1000,TRUE,FALSE,TRUE,Tiktok Followers,,,,,
8971,TikTok Followers [LQ] [Refill: No] [Max: 20K] [Start Time: 0 - 3 Hrs] [Speed: 20K/Day] ğŸ’§,Default,2.25,1000,TRUE,FALSE,FALSE,Tiktok Followers,,,,,
8957,TikTok Followers [LQ] [Refill: No] [Max: 1M] [Start Time: 0 - 3 Hrs] [Speed: 100K/Day] ğŸ’§â›”ï¸,Default,5.5,1000,TRUE,FALSE,FALSE,Tiktok Followers,,,,,
1168,TikTok Followers [Refill: No] [Max: 1M] [Start Time: 0 - 2 Hrs] [Speed: Up to 10K/D] ğŸ’§â›”ï¸,Default,5.45,1000,TRUE,FALSE,TRUE,Tiktok Followers,,,,,
8934,TikTok Followers [HQ] [Refill: 30D] [Max: 100K] [Start Time: 0 - 3 Hrs] [Speed: 15K/Day] ğŸ’§â›”ï¸â™»ï¸,Default,5.7164,1000,TRUE,TRUE,TRUE,Tiktok Followers,,,,,
8458,TikTok Organic Followers [Max: 150K] [Refill: 365D] [Start Time: 0 - 1 Hr] [Speed: 15K/D] ğŸ’§â›”ï¸,Default,6.375,1000,TRUE,FALSE,TRUE,Tiktok Followers,,,,,
8651,TikTok Followers [HQ] [Refill: 30D] [Max: 10K] [Start Time: 0 - 3 Hrs] [Speed: 1K/Day] â™»ï¸ â›”ğŸ’§,Default,5.4,1000,TRUE,FALSE,FALSE,Tiktok Followers,,,,,
3280,TikTok Followers [Refill: No] [Max: 1M] [Start Time: 0 - 3 Hrs] [Speed: 5K/Day] ğŸ’§â›”ï¸,Default,5.4405,1000,TRUE,FALSE,FALSE,Tiktok Followers,,,,,
2068,TikTok Followers [Refill: No] [Max: 50K] [Start Time: 0 - 1 Hr] [Speed: 5K/Day] ğŸ’§â›”ï¸,Default,3.3,1000,TRUE,FALSE,FALSE,Tiktok Followers,,,,,
2073,TikTok Followers [Refill: No] [Max: 250K] [Start Time: 0 - 1 Hr] [Speed: 10K/Day] ğŸ’§â›”ï¸,Default,3.4063,1000,TRUE,FALSE,FALSE,Tiktok Followers,,,,,
4433,TikTok Followers [Refill: No] [Max: 500K] [Start Time: 0 - 3 Hrs] [Speed: 5K/Day] ğŸ’§â›”ï¸,Default,1.62,1000,TRUE,FALSE,FALSE,Tiktok Followers,,,,,
8535,TikTok Followers [Max: 250K] [Refill: 7 D] [Start Time: 0 - 2 Hrs] [Speed: 2K/D] ğŸ’§â›”ï¸,Default,1.375,1000,TRUE,FALSE,FALSE,Tiktok Followers,,,,,
3882,TikTok Followers [Refill: No] [Max: 200K] [Start Time: 0 - 6 Hours] [Speed: 15K/Day] ğŸ’§â›”ï¸,Default,3.75,1000,TRUE,FALSE,FALSE,Tiktok Followers,,,,,
8221,TikTok Followers [Max: 500K] [Refill: 30 Days] [Start Time: 0 - 1 Hour] [Speed: 10K/Day],Default,1.644,1000,TRUE,FALSE,FALSE,Tiktok Followers,,,,,
8728,TikTok Organic Followers [Max: 35K] [Refill: 365D] [Start Time: 0 - 1 Hr] [Speed: 10K/D] ğŸ’§â›”ï¸,Default,5.625,1000,TRUE,FALSE,TRUE,Tiktok Followers,,,,,
2008,TikTok Followers [Refill: No] [Max: 500K] [Start Time: 0 - 2 Hours] [Speed: 50K/Day] ğŸ’§â›”ï¸,Default,4.5936,1000,TRUE,FALSE,FALSE,Tiktok Followers,,,,,
8518,TikTok Followers [Refill: No Refill] [Max: 50K] [Start Time: 0 - 1 Hours] [Speed: Up to 20K/Day],Default,7.15,1000,TRUE,FALSE,FALSE,Tiktok Followers,,,,,
6730,TikTok Followers [Refill: No] [Max: 50K] [Start Time: 0 - 3 Hrs] [Speed: 5K/Day] ğŸ’§,Default,2.654,1000,TRUE,FALSE,FALSE,Tiktok Followers,,,,,
7995,TikTok Followers [Refill: 7D] [Max: 500K] [Start Time: 0 - 2 Hours] [Speed: 50K/Day] ğŸ’§â›”ï¸â™»ï¸,Default,5.104,1000,TRUE,FALSE,FALSE,Tiktok Followers,,,,,
8572,TikTok Followers [Max: 500K] [Refill: 30 Days] [Start Time: 0 - 1 Hour] [Speed: 5K/Day],Default,1.8,1000,TRUE,FALSE,FALSE,Tiktok Followers,,,,,
8603,TikTok Followers [ASIAN] [Max: 100K] [Refill: 30D] [Start Time: 0 - 3 Hrs] [Speed: 10K/D],Default,1.395,1000,TRUE,FALSE,FALSE,Tiktok Followers,,,,,
8104,TikTok Followers [Max: 100K] [Refill: No Refill] [Start Time: 0 - 1 Hour] [Speed: 2K/Day] ğŸ’§â›”,Default,1.9363,1000,TRUE,FALSE,FALSE,Tiktok Followers,,,,,
9177,Tiktok Followers [Refill: 30D] [Max: 1M] [Start Time: 0 - 2 Hrs] [Speed: Up to 15K/D] ğŸ’§â›”â™»ï¸,Default,5.75,1000,TRUE,TRUE,TRUE,Tiktok Followers,,,,,
2050,TikTok Followers [Max: 100K] [Refill: No] [Start Time: 0 - 1 Hr] [Speed: 5K/D] â›” ğŸ’§,Default,1.65,1000,TRUE,FALSE,FALSE,Tiktok Followers,,,,,
6124,TikTok Followers [HQ] [Max: 100K] [Refill: 30 Days] [Start Time: 0 - 1 Hour] [Speed: 10K/Day],Default,2.228,1000,TRUE,FALSE,FALSE,Tiktok Followers,,,,,
7766,TikTok Followers [HQ] [Max: 50K] [Refill: No] [Start Time: 0 - 1 Hr] [Speed: 10K/D] ğŸ’§â›”ï¸,Default,5,1000,TRUE,FALSE,TRUE,Tiktok Followers,,,,,
8521,TikTok Followers [Max: 100K] [Refill: No] [Start Time: 0 - 1 Hour] [Speed: 5K/Day],Default,1.375,1000,TRUE,FALSE,FALSE,Tiktok Followers,,,,,
8201,TikTok Followers [Max: 50K] [Refill: No] [Start Time: 0 - 1 Hour] [Speed: 3K/Day],Default,1.5,1000,TRUE,FALSE,FALSE,Tiktok Followers,,,,,
7105,TikTok Followers [Refill: 30 Days] [Max: 200K] [Start Time: 0-1 Hour] [Speed: 50K/Day],Default,1.7628,1000,TRUE,FALSE,FALSE,Tiktok Followers,,,,,
8103,TikTok Followers [Refill: 30D] [Max: 500K] [Start Time: 0 - 2 Hours] [Speed: 50K/Day] ğŸ’§â›”ï¸â™»ï¸,Default,6.5129,1000,TRUE,FALSE,FALSE,Tiktok Followers,,,,,
6791,Tiktok Followers [Refill: 30D] [Max: 50K] [Start Time: 1 Hour] [Speed: Up to 20K/Day] ğŸ’§â›”ï¸,Default,5.75,1000,TRUE,TRUE,TRUE,Tiktok Followers,,,,,
4126,TikTok Followers [Refill: 30 Days] [Max: 200K] [Start Time: 4 Hours] [Speed: 6K/Day],Default,4.9797,1000,TRUE,FALSE,FALSE,Tiktok Followers,,,,,
7106,TikTok Followers [Max: 100K] [Refill: 30 Days] [Start Time: 0-1 Hour] [Speed: 5K/Day],Default,4.9625,1000,TRUE,FALSE,FALSE,Tiktok Followers,,,,,
8984,TikTok Followers [Refill: 30D] [Max: 1M] [Start Time: 0 - 1 Hr] [Speed: 20K/D] ğŸ’§â›”ï¸â™»ï¸,Default,5.75,1000,TRUE,TRUE,TRUE,Tiktok Followers,,,,,
8598,TikTok Followers [Max: 500K] [Refill: No] [Start Time: 0 - 1 Hour] [Speed: Up to 3K/Day],Default,1.8745,1000,TRUE,FALSE,FALSE,Tiktok Followers,,,,,
6109,TikTok Followers [Refill: 30 Days] [Max: 40K] [Start Time: 0 - 6 Hours] [Speed: 10K/Day] ğŸ’§,Default,5.125,1000,TRUE,FALSE,FALSE,Tiktok Followers,,,,,
8041,TikTok Followers [Refill: 30 Days] [Max: 175K] [Start Time: 0 - 1 Hours] [Speed: Up to 20K/Day],Default,6.2295,1000,TRUE,FALSE,FALSE,Tiktok Followers,,,,,
8594,Tiktok Followers [Refill: No] [Max: 50K] [Start Time: 0 - 3 Hours] [Speed: Up to 5k/Day] ğŸ’§â›”ï¸,Default,5.4625,1000,TRUE,FALSE,TRUE,Tiktok Followers,,,,,
8600,Tiktok Followers [Refill: No] [Max: 50K] [Start Time: 0 - 3 Hours] [Speed: Up to 5k/Day] ğŸ’§â›”ï¸,Default,5.4625,1000,TRUE,FALSE,TRUE,Tiktok Followers,,,,,
8009,TikTok Followers [Refill: No] [Max: 10K] [Start Time: 0 - 1 Hours] [Speed: 10K/Day],Default,2.25,1000,TRUE,FALSE,FALSE,Tiktok Followers,,,,,
8599,TikTok Followers [Max: 500K] [Refill: 30 D] [Start Time: 0 - 1 Hour] [Speed: Up to 5K/D],Default,1.985,1000,TRUE,FALSE,FALSE,Tiktok Followers,,,,,
8038,TikTok Followers [Refill: No] [Max: 100K] [Start Time: 0 - 1 Hours] [Speed: 20K/Day] ğŸ’§,Default,2.625,1000,TRUE,FALSE,FALSE,Tiktok Followers,,,,,
6120,TikTok Followers [Refill: Auto 30 Days] [Max: 100K] [Start Time: 0 - 2 Hours] [Speed: 20K/Day]ğŸ’§â™»ï¸,Default,3.9375,1000,TRUE,TRUE,TRUE,Tiktok Followers,,,,,
7774,TikTok Followers [HQ] [Max: 50K] [Refill: 30D] [Start Time: 0 - 1 Hr] [Speed: 10K/D] ğŸ’§â›”ï¸,Default,5.75,1000,TRUE,TRUE,TRUE,Tiktok Followers,,,,,
6214,Tiktok Followers [Refill: No] [Max: 50K] [Start Time: 0 - 3 Hours] [Speed: Up to 15K/Day] ğŸ’§â›”ï¸,Default,5.7625,1000,TRUE,FALSE,TRUE,Tiktok Followers,,,,,
8569,Tiktok Followers [Refill: No] [Max: 10K] [Start Time: 1 Hour] [Speed: Up to 25K/Day] ğŸ’§â›”ï¸,Default,5.75,1000,TRUE,FALSE,TRUE,Tiktok Followers,,,,,
8982,TikTok Followers [MALE] [Refill: 30D] [Max: 50K] [Start Time: 0 - 1 Hr] [Speed: 5K/D] ğŸ’§â›”ï¸â™»ï¸,Default,2.1,1000,TRUE,TRUE,TRUE,Tiktok Followers,,,,,
8983,TikTok Followers [FEMALE] [Refill: 30D] [Max: 50K] [Start Time: 0 - 1 Hr] [Speed: 5K/D] ğŸ’§â›”ï¸â™»ï¸,Default,2.1,1000,TRUE,TRUE,TRUE,Tiktok Followers,,,,,
8587,TikTok Followers [Max: 20K] [Refill: No] [Start Time: 0 - 1 Hour] [Speed: 20K/Day]ğŸ’§,Default,3.7,1000,TRUE,FALSE,FALSE,Tiktok Followers,,,,,
3848,Tiktok Followers [Max: 75K] [Refill: 30Days] [Start Time: 0 - 6 Hours] [Speed:10K/Day],Default,3.6,1000,TRUE,FALSE,FALSE,Tiktok Followers,,,,,
8200,TikTok Followers [SUPER HQ] [Start Time: 0 - 1 Hour] [Refill: 60 Days] [Max: 100K] [Speed: 3K/Day] ğŸ”¥ğŸ§¨,Default,6.1,1000,TRUE,FALSE,FALSE,Tiktok Followers,,,,,
1898,TikTok Followers [Start Time: 0 - 1 Hr] [Refill: No] [Max: 1M] [Speed: 50K/D] ğŸ’§ğŸ”¥ğŸ§¨,Default,4,1000,TRUE,FALSE,FALSE,Tiktok Followers,,,,,
4994,TikTok Organic Followers [Max: 500K] [Refill: 30D] [Start Time: 0 - 1 Hr] [Speed: Up to 50K/D] ğŸ’§,Default,4.675,1000,TRUE,FALSE,FALSE,Tiktok Followers,,,,,
4241,TikTok Followers [90% with PP] [Refill: 30 Days] [Max: 15K] [Start Time: 1 Hour] [Speed: 5K/Day] â™»ï¸,Default,5.18,1000,TRUE,FALSE,FALSE,Tiktok Followers,,,,,
3847,Tiktok Followers [Refill: 30 Days] [Max: 30K] [Start Time: 6 Hours] [Speed: 5K/Day] â™»ï¸,Default,4.44,1000,TRUE,FALSE,FALSE,Tiktok Followers,,,,,
7119,TikTok Followers [Max: 30K] [Refill: No] [Start Time: 0-1 Hour] [Speed: 3K/Day],Default,5.4168,1000,TRUE,FALSE,FALSE,Tiktok Followers,,,,,
1336,TikTok HQ Followers [Refill: 30D] [Max: 10M] [Start Time: 0 - 3 Hrs] [Speed: 70K/D] ğŸ’§â›”ï¸â™»ï¸,Default,5.5,1000,TRUE,TRUE,TRUE,Tiktok Followers,,,,,
1962,Tiktok Followers [Refill: 30 Days] [Max: 10K] [Start Time: 1 Hour] [Speed: 200/Day] â™»ï¸,Default,7.5,1000,FALSE,FALSE,FALSE,Tiktok Followers,,,,,
9323,TikTok Followers [Refill: Non Drop] [Max: 1K] [Start Time: 0 - 8 Hrs] [Speed: Up to 500/D] ğŸ’§,Default,8.97,1000,TRUE,FALSE,FALSE,Tiktok Followers,,,,,
1025,Tiktok Followers [Refill: 1 Year] [Max: 10K] [Start Time: 4 Hours] [Speed: 150/Day],Default,10,1000,TRUE,FALSE,TRUE,Tiktok Followers,,,,,
8538,ğŸ‡§ğŸ‡· Tiktok Followers [BRAZIL] [Refill: No] [Max: 50K] [Start Time: 1 Hour] [Speed: Up to 5k/Day] ğŸ’§â›”ï¸,Default,5.4625,1000,TRUE,FALSE,TRUE,Tiktok Followers [COUNTRY TARGETED],,,,,
9562,ğŸ‡§ğŸ‡· Tiktok Followers [BRAZIL] [Refill: 30D] [Max: 50K] [Start Time: 1 Hour] [Speed: Up to 5k/Day] ğŸ’§â›”ï¸â™»ï¸,Default,5.75,1000,TRUE,TRUE,TRUE,Tiktok Followers [COUNTRY TARGETED],,,,,
9178,Tiktok Followers [Refill: 30D] [Max: 1M] [Start Time: 0 - 2 Hrs] [Speed: Up to 15K/D] ğŸ’§â›”â™»ï¸,Default,5.75,1000,TRUE,TRUE,TRUE,Tiktok Followers [COUNTRY TARGETED],,,,,
8388,ğŸ‡§ğŸ‡· TikTok Followers [BRAZIL] [Refill: 30 Days] [Max: 50K] [Start Time: 0 - 3 Hours] [Speed: 5K/Day] â›”ğŸ’§â™»ï¸,Default,3.9375,1000,TRUE,TRUE,TRUE,Tiktok Followers [COUNTRY TARGETED],,,,,
8539,ğŸ‡§ğŸ‡· Tiktok Followers [BRAZIL] [Refill: No] [Max: 50K] [Start Time: 1 Hour] [Speed: Up to 15K/Day] ğŸ’§â›”ï¸,Default,5.7625,1000,TRUE,FALSE,TRUE,Tiktok Followers [COUNTRY TARGETED],,,,,
8093,ğŸ‡§ğŸ‡· TikTok Followers [BRAZIL] [Refill: 30 Days] [Max: 40K] [Start Time: 0 - 1 Hours] [Speed: 250K/Day] ğŸ’§,Default,3.9375,1000,TRUE,TRUE,TRUE,Tiktok Followers [COUNTRY TARGETED],,,,,
3368,TikTok Followers [HQ] [Max: 50K] [Refill: No] [Start Time: 0 - 1 Hr] [Speed: 10K/D] ğŸ’§â›”ï¸,Default,5,1000,TRUE,FALSE,TRUE,Tiktok Followers [COUNTRY TARGETED],,,,,
7020,TikTok Followers [HQ] [Max: 50K] [Refill: 30D] [Start Time: 0 - 1 Hr] [Speed: 10K/D] ğŸ’§â›”ï¸,Default,5.75,1000,TRUE,TRUE,TRUE,Tiktok Followers [COUNTRY TARGETED],,,,,
4373,ğŸ‡§ğŸ‡· Tiktok Followers [BRAZIL] [Refill: No] [Max: 50K] [Start Time: 1 Hour] [Speed: Up to 20K/Day] ğŸ’§â›”ï¸,Default,5.75,1000,TRUE,FALSE,TRUE,Tiktok Followers [COUNTRY TARGETED],,,,,
6788,ğŸ‡§ğŸ‡· Tiktok Followers [BRAZIL] [Refill: 30D] [Max: 50K] [Start Time: 1 Hour] [Speed: Up to 20K/Day] ğŸ’§â›”ï¸,Default,5.75,1000,TRUE,TRUE,TRUE,Tiktok Followers [COUNTRY TARGETED],,,,,
8075,TikTok Followers [Max: 50K] [Refill: No] [Start Time: 0 - 1 Hr] [Speed: 10K/D] ğŸ’§â›”ï¸,Default,5,1000,TRUE,FALSE,TRUE,Tiktok Followers [COUNTRY TARGETED],,,,,
8073,TikTok Followers [FEMALE] [HQ] [Max: 50K] [Refill: 30D] [Start Time: 0 - 1 Hr] [Speed: 5K/D] ğŸ’§â›”ï¸,Default,2.875,1000,TRUE,TRUE,TRUE,Tiktok Followers [COUNTRY TARGETED],,,,,
8076,TikTok Followers [MALE] [HQ] [Max: 50K] [Refill: 30D] [Start Time: 0 - 1 Hr] [Speed: 5K/D] ğŸ’§â›”ï¸,Default,2.875,1000,TRUE,TRUE,TRUE,Tiktok Followers [COUNTRY TARGETED],,,,,
8074,ğŸ‡»ğŸ‡³ TikTok Followers [VIETNAM] [Refill: 15 Days] [Max: 4K] [Start Time: 0 - 6 Hours] [Speed: 4K/Day] ğŸ’§,Default,1.875,1000,TRUE,FALSE,FALSE,Tiktok Followers [COUNTRY TARGETED],,,,,
6670,ğŸ‡·ğŸ‡ºTikTok Followers [40K] [Russia] [Refill: 30 Days] [Start Time: 0 - 1 Hour] [Speed: 100/Day],Default,7.5,1000,TRUE,FALSE,FALSE,Tiktok Followers [COUNTRY TARGETED],,,,,
6671,ğŸ‡ºğŸ‡¦TikTok Followers [10K] [Ukraine] [Refill: 30 Days] [Start Time: 0 - 1 Hour] [Speed: 100/Day],Default,7.5,1000,TRUE,FALSE,FALSE,Tiktok Followers [COUNTRY TARGETED],,,,,
6866,ğŸ‡¹ğŸ‡·TikTok Views [Turkey] [Refill: No] [Max: 50M] [Start Time: 0-1 Hour] [Speed: 100K/Day],Default,0.7113,1000,FALSE,FALSE,FALSE,Tiktok Views [COUNTRY TARGETED],,,,,
6867,ğŸ‡¦ğŸ‡«TikTok Views [Afghanistan] [Refill: No] [Max: 50M] [Start Time: 0-1 Hour] [Speed: 100K/Day],Default,0.7113,1000,FALSE,FALSE,FALSE,Tiktok Views [COUNTRY TARGETED],,,,,
6868,ğŸ‡¦ğŸ‡±TikTok Views [Albania] [Refill: No] [Max: 50M] [Start Time: 0-1 Hour] [Speed: 100K/Day],Default,0.7113,1000,FALSE,FALSE,FALSE,Tiktok Views [COUNTRY TARGETED],,,,,
6869,ğŸ‡©ğŸ‡¿TikTok Views [Algeria] [Refill: No] [Max: 5M] [Start Time: 0-1 Hour] [Speed: 100K/Day],Default,0.7113,1000,FALSE,FALSE,FALSE,Tiktok Views [COUNTRY TARGETED],,,,,
6870,ğŸ‡ºğŸ‡¸TikTok Views [United States] [Refill: No] [Max: 5M] [Start Time: 0-1 Hour] [Speed: 100K/Day],Default,0.0125,1000,FALSE,FALSE,FALSE,Tiktok Views [COUNTRY TARGETED],,,,,
6871,ğŸ‡¦ğŸ‡©TikTok Views [Andorra] [Refill: No] [Max: 5M] [Start Time: 0-1 Hour] [Speed: 100K/Day],Default,0.0125,1000,FALSE,FALSE,FALSE,Tiktok Views [COUNTRY TARGETED],,,,,
6872,ğŸ‡¦ğŸ‡´TikTok Views [Angola] [Refill: No] [Max: 5M] [Start Time: 0-1 Hour] [Speed: 100K/Day],Default,0.0125,1000,FALSE,FALSE,FALSE,Tiktok Views [COUNTRY TARGETED],,,,,
6873,ğŸ‡¦ğŸ‡¶TikTok Views [Antarctica] [Refill: No] [Max: 5M] [Start Time: 0-1 Hour] [Speed: 100K/Day],Default,0.0125,1000,FALSE,FALSE,FALSE,Tiktok Views [COUNTRY TARGETED],,,,,
6874,ğŸ‡¦ğŸ‡¬TikTok Views [Antigua] [Refill: No] [Max: 5M] [Start Time: 0-1 Hour] [Speed: 100K/Day],Default,0.0125,1000,FALSE,FALSE,FALSE,Tiktok Views [COUNTRY TARGETED],,,,,
6875,ğŸ‡¦ğŸ‡·TikTok Views [Argentina] [Refill: No] [Max: 5M] [Start Time: 0-1 Hour] [Speed: 100K/Day],Default,0.0125,1000,FALSE,FALSE,FALSE,Tiktok Views [COUNTRY TARGETED],,,,,
6876,ğŸ‡¦ğŸ‡²TikTok Views [Armenia] [Refill: No] [Max: 5M] [Start Time: 0-1 Hour] [Speed: 100K/Day],Default,0.0125,1000,FALSE,FALSE,FALSE,Tiktok Views [COUNTRY TARGETED],,,,,
6877,ğŸ‡¦ğŸ‡¼TikTok Views [Aruba] [Refill: No] [Max: 5M] [Start Time: 0-1 Hour] [Speed: 100K/Day],Default,0.0125,1000,FALSE,FALSE,FALSE,Tiktok Views [COUNTRY TARGETED],,,,,
6878,ğŸ‡¦ğŸ‡ºTikTok Views [Australia] [Refill: No] [Max: 5M] [Start Time: 0-1 Hour] [Speed: 100K/Day],Default,0.0125,1000,FALSE,FALSE,FALSE,Tiktok Views [COUNTRY TARGETED],,,,,
6879,ğŸ‡¦ğŸ‡¿TikTok Views [Azerbaijan] [Refill: No] [Max: 5M] [Start Time: 0-1 Hour] [Speed: 100K/Day],Default,0.0125,1000,FALSE,FALSE,FALSE,Tiktok Views [COUNTRY TARGETED],,,,,
6880,ğŸ‡§ğŸ‡¸TikTok Views [Bahamas] [Refill: No] [Max: 5M] [Start Time: 0-1 Hour] [Speed: 100K/Day],Default,0.0125,1000,FALSE,FALSE,FALSE,Tiktok Views [COUNTRY TARGETED],,,,,
6881,ğŸ‡§ğŸ‡­TikTok Views [Bahrain] [Refill: No] [Max: 5M] [Start Time: 0-1 Hour] [Speed: 100K/Day],Default,0.0125,1000,FALSE,FALSE,FALSE,Tiktok Views [COUNTRY TARGETED],,,,,
6882,ğŸ‡§ğŸ‡©TikTok Views [Bangladesh] [Refill: No] [Max: 5M] [Start Time: 0-1 Hour] [Speed: 100K/Day],Default,0.0125,1000,FALSE,FALSE,FALSE,Tiktok Views [COUNTRY TARGETED],,,,,
6883,ğŸ‡§ğŸ‡§TikTok Views [Barbados] [Refill: No] [Max: 5M] [Start Time: 0-1 Hour] [Speed: 100K/Day],Default,0.0125,1000,FALSE,FALSE,FALSE,Tiktok Views [COUNTRY TARGETED],,,,,
6884,ğŸ‡§ğŸ‡¾TikTok Views [Belarus] [Refill: No] [Max: 5M] [Start Time: 0-1 Hour] [Speed: 100K/Day],Default,0.0125,1000,FALSE,FALSE,FALSE,Tiktok Views [COUNTRY TARGETED],,,,,
6885,ğŸ‡§ğŸ‡ªTikTok Views [Belgium] [Refill: No] [Max: 5M] [Start Time: 0-1 Hour] [Speed: 100K/Day],Default,0.0125,1000,FALSE,FALSE,FALSE,Tiktok Views [COUNTRY TARGETED],,,,,
6886,ğŸ‡§ğŸ‡¿TikTok Views [Belize] [Refill: No] [Max: 5M] [Start Time: 0-1 Hour] [Speed: 100K/Day],Default,0.0125,1000,FALSE,FALSE,FALSE,Tiktok Views [COUNTRY TARGETED],,,,,
6887,ğŸ‡§ğŸ‡¯TikTok Views [Benin] [Refill: No] [Max: 5M] [Start Time: 0-1 Hour] [Speed: 100K/Day],Default,0.0125,1000,FALSE,FALSE,FALSE,Tiktok Views [COUNTRY TARGETED],,,,,
6888,ğŸ‡§ğŸ‡²TikTok Views [Bermuda] [Refill: No] [Max: 5M] [Start Time: 0-1 Hour] [Speed: 100K/Day],Default,0.0125,1000,FALSE,FALSE,FALSE,Tiktok Views [COUNTRY TARGETED],,,,,
6889,ğŸ‡§ğŸ‡¹TikTok Views [Bhutan] [Refill: No] [Max: 5M] [Start Time: 0-1 Hour] [Speed: 100K/Day],Default,0.0125,1000,FALSE,FALSE,FALSE,Tiktok Views [COUNTRY TARGETED],,,,,
6890,ğŸ‡§ğŸ‡´TikTok Views [Bolivya] [Refill: No] [Max: 5M] [Start Time: 0-1 Hour] [Speed: 100K/Day],Default,0.0125,1000,FALSE,FALSE,FALSE,Tiktok Views [COUNTRY TARGETED],,,,,
6891,ğŸ‡§ğŸ‡¦TikTok Views [Bosnia] [Refill: No] [Max: 5M] [Start Time: 0-1 Hour] [Speed: 100K/Day],Default,0.0125,1000,FALSE,FALSE,FALSE,Tiktok Views [COUNTRY TARGETED],,,,,
6892,ğŸ‡§ğŸ‡¼TikTok Views [Botswana] [Refill: No] [Max: 5M] [Start Time: 0-1 Hour] [Speed: 100K/Day],Default,0.0125,1000,FALSE,FALSE,FALSE,Tiktok Views [COUNTRY TARGETED],,,,,
6893,ğŸ‡³ğŸ‡´TikTok Views [BouvÃ©] [Refill: No] [Max: 5M] [Start Time: 0-1 Hour] [Speed: 100K/Day],Default,0.0125,1000,FALSE,FALSE,FALSE,Tiktok Views [COUNTRY TARGETED],,,,,
6894,ğŸ‡§ğŸ‡·TikTok Views [Brazil] [Refill: No] [Max: 5M] [Start Time: 0-1 Hour] [Speed: 100K/Day],Default,0.0125,1000,FALSE,FALSE,FALSE,Tiktok Views [COUNTRY TARGETED],,,,,
6895,ğŸ‡¬ğŸ‡§TikTok Views [UK] [Refill: No] [Max: 5M] [Start Time: 0-1 Hour] [Speed: 100K/Day],Default,0.0125,1000,FALSE,FALSE,FALSE,Tiktok Views [COUNTRY TARGETED],,,,,
6896,ğŸ‡¬ğŸ‡§TikTok Views [BRITISH] [Refill: No] [Max: 5M] [Start Time: 0-1 Hour] [Speed: 100K/Day],Default,0.0125,1000,FALSE,FALSE,FALSE,Tiktok Views [COUNTRY TARGETED],,,,,
6897,ğŸ‡§ğŸ‡¬TikTok Views [Bulgaria] [Refill: No] [Max: 5M] [Start Time: 0-1 Hour] [Speed: 100K/Day],Default,0.0125,1000,FALSE,FALSE,FALSE,Tiktok Views [COUNTRY TARGETED],,,,,
6898,ğŸ‡§ğŸ‡«TikTok Views [Burkina Faso] [Refill: No] [Max: 5M] [Start Time: 0-1 Hour] [Speed: 100K/Day],Default,0.0125,1000,FALSE,FALSE,FALSE,Tiktok Views [COUNTRY TARGETED],,,,,
6899,ğŸ‡°ğŸ‡­TikTok Views [Cambodia] [Refill: No] [Max: 5M] [Start Time: 0-1 Hour] [Speed: 100K/Day],Default,0.0125,1000,FALSE,FALSE,FALSE,Tiktok Views [COUNTRY TARGETED],,,,,
6900,ğŸ‡¨ğŸ‡²TikTok Views [Cameroon] [Refill: No] [Max: 5M] [Start Time: 0-1 Hour] [Speed: 100K/Day],Default,0.0125,1000,TRUE,FALSE,FALSE,Tiktok Views [COUNTRY TARGETED],,,,,
6901,ğŸ‡¨ğŸ‡¦TikTok Views [Canada] [Refill: No] [Max: 5M] [Start Time: 0-1 Hour] [Speed: 100K/Day],Default,0.0125,1000,FALSE,FALSE,FALSE,Tiktok Views [COUNTRY TARGETED],,,,,
6902,ğŸ‡¨ğŸ‡»TikTok Views [Cape Verde] [Refill: No] [Max: 5M] [Start Time: 0-1 Hour] [Speed: 100K/Day],Default,0.0125,1000,FALSE,FALSE,FALSE,Tiktok Views [COUNTRY TARGETED],,,,,
6903,ğŸ‡°ğŸ‡¾TikTok Views [Cayman Islands] [Refill: No] [Max: 5M] [Start Time: 0-1 Hour] [Speed: 100K/Day],Default,0.0125,1000,FALSE,FALSE,FALSE,Tiktok Views [COUNTRY TARGETED],,,,,
6904,TikTok Views [Africa] [Refill: No] [Max: 5M] [Start Time: 0-1 Hour] [Speed: 100K/Day],Default,0.0125,1000,FALSE,FALSE,FALSE,Tiktok Views [COUNTRY TARGETED],,,,,
6905,ğŸ‡¹ğŸ‡©TikTok Views [Chad] [Refill: No] [Max: 5M] [Start Time: 0-1 Hour] [Speed: 100K/Day],Default,0.0125,1000,FALSE,FALSE,FALSE,Tiktok Views [COUNTRY TARGETED],,,,,
6906,ğŸ‡¨ğŸ‡±TikTok Views [Chile] [Refill: No] [Max: 5M] [Start Time: 0-1 Hour] [Speed: 100K/Day],Default,0.0125,1000,FALSE,FALSE,FALSE,Tiktok Views [COUNTRY TARGETED],,,,,
6907,ğŸ‡¨ğŸ‡³TikTok Views [China] [Refill: No] [Max: 5M] [Start Time: 0-1 Hour] [Speed: 100K/Day],Default,0.0125,1000,FALSE,FALSE,FALSE,Tiktok Views [COUNTRY TARGETED],,,,,
6908,TikTok Views [Noel] [Refill: No] [Max: 5M] [Start Time: 0-1 Hour] [Speed: 100K/Day],Default,0.0125,1000,FALSE,FALSE,FALSE,Tiktok Views [COUNTRY TARGETED],,,,,
6909,ğŸ‡®ğŸ‡³TikTok Views [India] [Refill: No] [Max: 5M] [Start Time: 0-1 Hour] [Speed: 100K/Day],Default,0.0125,1000,FALSE,FALSE,FALSE,Tiktok Views [COUNTRY TARGETED],,,,,
6910,ğŸ‡¨ğŸ‡´TikTok Views [Colombia] [Refill: No] [Max: 5M] [Start Time: 0-1 Hour] [Speed: 100K/Day],Default,0.0125,1000,FALSE,FALSE,FALSE,Tiktok Views [COUNTRY TARGETED],,,,,
6911,ğŸ‡°ğŸ‡²TikTok Views [Comoros] [Refill: No] [Max: 5M] [Start Time: 0-1 Hour] [Speed: 100K/Day],Default,0.0125,1000,FALSE,FALSE,FALSE,Tiktok Views [COUNTRY TARGETED],,,,,
6912,ğŸ‡¨ğŸ‡©TikTok Views [Congo] [Refill: No] [Max: 5M] [Start Time: 0-1 Hour] [Speed: 100K/Day],Default,0.0125,1000,FALSE,FALSE,FALSE,Tiktok Views [COUNTRY TARGETED],,,,,
6913,TikTok Views [Islands] [Refill: No] [Max: 5M] [Start Time: 0-1 Hour] [Speed: 100K/Day],Default,0.0125,1000,FALSE,FALSE,FALSE,Tiktok Views [COUNTRY TARGETED],,,,,
6914,ğŸ‡¨ğŸ‡·TikTok Views [Costa Rica] [Refill: No] [Max: 5M] [Start Time: 0-1 Hour] [Speed: 100K/Day],Default,0.0125,1000,FALSE,FALSE,FALSE,Tiktok Views [COUNTRY TARGETED],,,,,
6915,TikTok Views [Beach] [Refill: No] [Max: 5M] [Start Time: 0-1 Hour] [Speed: 100K/Day],Default,0.0125,1000,FALSE,FALSE,FALSE,Tiktok Views [COUNTRY TARGETED],,,,,
6916,ğŸ‡­ğŸ‡·TikTok Views [Croatia] [Refill: No] [Max: 5M] [Start Time: 0-1 Hour] [Speed: 100K/Day],Default,0.0125,1000,FALSE,FALSE,FALSE,Tiktok Views [COUNTRY TARGETED],,,,,
6917,ğŸ‡¨ğŸ‡ºTikTok Views [Cuba] [Refill: No] [Max: 5M] [Start Time: 0-1 Hour] [Speed: 100K/Day],Default,0.0125,1000,FALSE,FALSE,FALSE,Tiktok Views [COUNTRY TARGETED],,,,,
6918,ğŸ‡¨ğŸ‡¾TikTok Views [Cyprus] [Refill: No] [Max: 5M] [Start Time: 0-1 Hour] [Speed: 100K/Day],Default,0.0125,1000,FALSE,FALSE,FALSE,Tiktok Views [COUNTRY TARGETED],,,,,
6919,ğŸ‡¨ğŸ‡¿TikTok Views [Czech Republic] [Refill: No] [Max: 5M] [Start Time: 0-1 Hour] [Speed: 100K/Day],Default,0.0125,1000,FALSE,FALSE,FALSE,Tiktok Views [COUNTRY TARGETED],,,,,
6920,ğŸ‡©ğŸ‡°TikTok Views [Denmark] [Refill: No] [Max: 5M] [Start Time: 0-1 Hour] [Speed: 100K/Day],Default,0.0125,1000,FALSE,FALSE,FALSE,Tiktok Views [COUNTRY TARGETED],,,,,
6921,ğŸ‡©ğŸ‡¯TikTok Views [Djibouti] [Refill: No] [Max: 5M] [Start Time: 0-1 Hour] [Speed: 100K/Day],Default,0.1563,1000,FALSE,FALSE,FALSE,Tiktok Views [COUNTRY TARGETED],,,,,
6922,ğŸ‡©ğŸ‡´TikTok Views [Dominican Republic] [Refill: No] [Max: 5M] [Start Time: 0-1 Hour] [Speed: 100K/Day],Default,0.1563,1000,FALSE,FALSE,FALSE,Tiktok Views [COUNTRY TARGETED],,,,,
6923,ğŸ‡¹ğŸ‡±TikTok Views [East Timor] [Refill: No] [Max: 5M] [Start Time: 0-1 Hour] [Speed: 100K/Day],Default,0.1563,1000,FALSE,FALSE,FALSE,Tiktok Views [COUNTRY TARGETED],,,,,
6924,ğŸ‡ªğŸ‡¨TikTok Views [Ecuador] [Refill: No] [Max: 5M] [Start Time: 0-1 Hour] [Speed: 100K/Day],Default,0.1563,1000,FALSE,FALSE,FALSE,Tiktok Views [COUNTRY TARGETED],,,,,
6925,ğŸ‡ªğŸ‡¬TikTok Views [Egypt] [Refill: No] [Max: 5M] [Start Time: 0-1 Hour] [Speed: 100K/Day],Default,0.1563,1000,FALSE,FALSE,FALSE,Tiktok Views [COUNTRY TARGETED],,,,,
6926,ğŸ‡¸ğŸ‡»TikTok Views [El Salvador] [Refill: No] [Max: 5M] [Start Time: 0-1 Hour] [Speed: 100K/Day],Default,0.1563,1000,FALSE,FALSE,FALSE,Tiktok Views [COUNTRY TARGETED],,,,,
6927,ğŸ‡¬ğŸ‡¶TikTok Views [Equatorial Guinea] [Refill: No] [Max: 5M] [Start Time: 0-1 Hour] [Speed: 100K/Day],Default,0.1563,1000,FALSE,FALSE,FALSE,Tiktok Views [COUNTRY TARGETED],,,,,
6928,TikTok Views [Unreal] [Refill: No] [Max: 5M] [Start Time: 0-1 Hour] [Speed: 100K/Day],Default,0.1563,1000,FALSE,FALSE,FALSE,Tiktok Views [COUNTRY TARGETED],,,,,
6929,ğŸ‡ªğŸ‡ªTikTok Views [Estonia] [Refill: No] [Max: 5M] [Start Time: 0-1 Hour] [Speed: 100K/Day],Default,0.1563,1000,FALSE,FALSE,FALSE,Tiktok Views [COUNTRY TARGETED],,,,,
6930,ğŸ‡ªğŸ‡¹TikTok Views [Ethiopia] [Refill: No] [Max: 5M] [Start Time: 0-1 Hour] [Speed: 100K/Day],Default,0.1563,1000,FALSE,FALSE,FALSE,Tiktok Views [COUNTRY TARGETED],,,,,
6931,ğŸ‡«ğŸ‡°TikTok Views [Falkland] [Refill: No] [Max: 5M] [Start Time: 0-1 Hour] [Speed: 100K/Day],Default,0.1563,1000,FALSE,FALSE,FALSE,Tiktok Views [COUNTRY TARGETED],,,,,
6932,ğŸ‡«ğŸ‡´TikTok Views [Faroe Islands] [Refill: No] [Max: 5M] [Start Time: 0-1 Hour] [Speed: 100K/Day],Default,0.1563,1000,FALSE,FALSE,FALSE,Tiktok Views [COUNTRY TARGETED],,,,,
6933,ğŸ‡«ğŸ‡¯TikTok Views [Fiji] [Refill: No] [Max: 5M] [Start Time: 0-1 Hour] [Speed: 100K/Day],Default,0.1563,1000,FALSE,FALSE,FALSE,Tiktok Views [COUNTRY TARGETED],,,,,
6934,ğŸ‡«ğŸ‡®TikTok Views [Finland] [Refill: No] [Max: 5M] [Start Time: 0-1 Hour] [Speed: 100K/Day],Default,0.1563,1000,FALSE,FALSE,FALSE,Tiktok Views [COUNTRY TARGETED],,,,,
6935,ğŸ‡«ğŸ‡·TikTok Views [France] [Refill: No] [Max: 5M] [Start Time: 0-1 Hour] [Speed: 100K/Day],Default,0.1563,1000,FALSE,FALSE,FALSE,Tiktok Views [COUNTRY TARGETED],,,,,
6936,ğŸ‡¬ğŸ‡¦TikTok Views [Gabon] [Refill: No] [Max: 5M] [Start Time: 0-1 Hour] [Speed: 100K/Day],Default,0.1563,1000,FALSE,FALSE,FALSE,Tiktok Views [COUNTRY TARGETED],,,,,
6937,ğŸ‡¬ğŸ‡²TikTok Views [Gambia] [Refill: No] [Max: 5M] [Start Time: 0-1 Hour] [Speed: 100K/Day],Default,0.1563,1000,FALSE,FALSE,FALSE,Tiktok Views [COUNTRY TARGETED],,,,,
6938,ğŸ‡©ğŸ‡ªTikTok Views [Germany] [Refill: No] [Max: 5M] [Start Time: 0-1 Hour] [Speed: 100K/Day],Default,0.1563,1000,FALSE,FALSE,FALSE,Tiktok Views [COUNTRY TARGETED],,,,,
6939,ğŸ‡¬ğŸ‡­TikTok Views [Ghana] [Refill: No] [Max: 5M] [Start Time: 0-1 Hour] [Speed: 100K/Day],Default,0.1563,1000,FALSE,FALSE,FALSE,Tiktok Views [COUNTRY TARGETED],,,,,
6940,ğŸ‡¬ğŸ‡®TikTok Views [Gibraltar] [Refill: No] [Max: 5M] [Start Time: 0-1 Hour] [Speed: 100K/Day],Default,0.1563,1000,FALSE,FALSE,FALSE,Tiktok Views [COUNTRY TARGETED],,,,,
6941,ğŸ‡¬ğŸ‡·TikTok Views [Greece] [Refill: No] [Max: 5M] [Start Time: 0-1 Hour] [Speed: 100K/Day],Default,0.1563,1000,FALSE,FALSE,FALSE,Tiktok Views [COUNTRY TARGETED],,,,,
6942,ğŸ‡¬ğŸ‡±TikTok Views [Greenland] [Refill: No] [Max: 5M] [Start Time: 0-1 Hour] [Speed: 100K/Day],Default,0.1563,1000,FALSE,FALSE,FALSE,Tiktok Views [COUNTRY TARGETED],,,,,
6943,ğŸ‡¬ğŸ‡©TikTok Views [Grenada] [Refill: No] [Max: 5M] [Start Time: 0-1 Hour] [Speed: 100K/Day],Default,0.1563,1000,FALSE,FALSE,FALSE,Tiktok Views [COUNTRY TARGETED],,,,,
6944,ğŸ‡¬ğŸ‡µTikTok Views [Guadeloupe] [Refill: No] [Max: 5M] [Start Time: 0-1 Hour] [Speed: 100K/Day],Default,0.1563,1000,FALSE,FALSE,FALSE,Tiktok Views [COUNTRY TARGETED],,,,,
6945,ğŸ‡¬ğŸ‡¹TikTok Views [Guatemala] [Refill: No] [Max: 5M] [Start Time: 0-1 Hour] [Speed: 100K/Day],Default,0.1563,1000,FALSE,FALSE,FALSE,Tiktok Views [COUNTRY TARGETED],,,,,
6946,ğŸ‡¬ğŸ‡¾TikTok Views [Guyana] [Refill: No] [Max: 5M] [Start Time: 0-1 Hour] [Speed: 100K/Day],Default,0.1563,1000,FALSE,FALSE,FALSE,Tiktok Views [COUNTRY TARGETED],,,,,
6948,ğŸ‡­ğŸ‡³TikTok Views [Honduras] [Refill: No] [Max: 5M] [Start Time: 0-1 Hour] [Speed: 100K/Day],Default,0.1563,1000,FALSE,FALSE,FALSE,Tiktok Views [COUNTRY TARGETED],,,,,
6949,ğŸ‡­ğŸ‡°TikTok Views [Hong Kong] [Refill: No] [Max: 5M] [Start Time: 0-1 Hour] [Speed: 100K/Day],Default,0.1563,1000,FALSE,FALSE,FALSE,Tiktok Views [COUNTRY TARGETED],,,,,
6950,ğŸ‡®ğŸ‡¸TikTok Views [Iceland] [Refill: No] [Max: 5M] [Start Time: 0-1 Hour] [Speed: 100K/Day],Default,0.1563,1000,FALSE,FALSE,FALSE,Tiktok Views [COUNTRY TARGETED],,,,,
6951,ğŸ‡®ğŸ‡©TikTok Views [Indonesia] [Refill: No] [Max: 5M] [Start Time: 0-1 Hour] [Speed: 100K/Day],Default,0.1563,1000,FALSE,FALSE,FALSE,Tiktok Views [COUNTRY TARGETED],,,,,
6952,ğŸ‡®ğŸ‡¶TikTok Views [Iraq] [Refill: No] [Max: 5M] [Start Time: 0-1 Hour] [Speed: 100K/Day],Default,0.1563,1000,FALSE,FALSE,FALSE,Tiktok Views [COUNTRY TARGETED],,,,,
6953,ğŸ‡®ğŸ‡ªTikTok Views [Ireland] [Refill: No] [Max: 5M] [Start Time: 0-1 Hour] [Speed: 100K/Day],Default,0.1563,1000,FALSE,FALSE,FALSE,Tiktok Views [COUNTRY TARGETED],,,,,
6954,ğŸ‡®ğŸ‡¹TikTok Views [Italy] [Refill: No] [Max: 5M] [Start Time: 0-1 Hour] [Speed: 100K/Day],Default,0.1563,1000,FALSE,FALSE,FALSE,Tiktok Views [COUNTRY TARGETED],,,,,
6955,ğŸ‡¯ğŸ‡²TikTok Views [Jamaica] [Refill: No] [Max: 5M] [Start Time: 0-1 Hour] [Speed: 100K/Day],Default,0.1563,1000,FALSE,FALSE,FALSE,Tiktok Views [COUNTRY TARGETED],,,,,
6956,ğŸ‡¯ğŸ‡µTikTok Views [Japan] [Refill: No] [Max: 5M] [Start Time: 0-1 Hour] [Speed: 100K/Day],Default,0.1563,1000,FALSE,FALSE,FALSE,Tiktok Views [COUNTRY TARGETED],,,,,
6957,ğŸ‡°ğŸ‡¿TikTok Views [Kazakhstan] [Refill: No] [Max: 5M] [Start Time: 0-1 Hour] [Speed: 100K/Day],Default,0.1563,1000,FALSE,FALSE,FALSE,Tiktok Views [COUNTRY TARGETED],,,,,
6958,ğŸ‡°ğŸ‡ªTikTok Views [Kenya] [Refill: No] [Max: 5M] [Start Time: 0-1 Hour] [Speed: 100K/Day],Default,0.1563,1000,FALSE,FALSE,FALSE,Tiktok Views [COUNTRY TARGETED],,,,,
6959,ğŸ‡°ğŸ‡·TikTok Views [South Korea] [Refill: No] [Max: 5M] [Start Time: 0-1 Hour] [Speed: 100K/Day],Default,0.1563,1000,FALSE,FALSE,FALSE,Tiktok Views [COUNTRY TARGETED],,,,,
6960,ğŸ‡°ğŸ‡¼TikTok Views [Kuwait] [Refill: No] [Max: 5M] [Start Time: 0-1 Hour] [Speed: 100K/Day],Default,0.1563,1000,FALSE,FALSE,FALSE,Tiktok Views [COUNTRY TARGETED],,,,,
6961,ğŸ‡°ğŸ‡¬TikTok Views [Kyrgyzstan] [Refill: No] [Max: 5M] [Start Time: 0-1 Hour] [Speed: 100K/Day],Default,0.1563,1000,FALSE,FALSE,FALSE,Tiktok Views [COUNTRY TARGETED],,,,,
6962,ğŸ‡±ğŸ‡»TikTok Views [Latvia] [Refill: No] [Max: 5M] [Start Time: 0-1 Hour] [Speed: 100K/Day],Default,0.1563,1000,FALSE,FALSE,FALSE,Tiktok Views [COUNTRY TARGETED],,,,,
6963,ğŸ‡±ğŸ‡§TikTok Views [Lebanon] [Refill: No] [Max: 5M] [Start Time: 0-1 Hour] [Speed: 100K/Day],Default,0.1563,1000,FALSE,FALSE,FALSE,Tiktok Views [COUNTRY TARGETED],,,,,
6964,ğŸ‡±ğŸ‡·TikTok Views [Liberia] [Refill: No] [Max: 5M] [Start Time: 0-1 Hour] [Speed: 100K/Day],Default,0.1563,1000,FALSE,FALSE,FALSE,Tiktok Views [COUNTRY TARGETED],,,,,
6965,ğŸ‡±ğŸ‡®TikTok Views [Liechtenstein] [Refill: No] [Max: 5M] [Start Time: 0-1 Hour] [Speed: 100K/Day],Default,0.1563,1000,FALSE,FALSE,FALSE,Tiktok Views [COUNTRY TARGETED],,,,,
6966,ğŸ‡±ğŸ‡¹TikTok Views [Lithuania] [Refill: No] [Max: 5M] [Start Time: 0-1 Hour] [Speed: 100K/Day],Default,0.1563,1000,FALSE,FALSE,FALSE,Tiktok Views [COUNTRY TARGETED],,,,,
6967,ğŸ‡±ğŸ‡ºTikTok Views [Luxembourg] [Refill: No] [Max: 5M] [Start Time: 0-1 Hour] [Speed: 100K/Day],Default,0.1563,1000,FALSE,FALSE,FALSE,Tiktok Views [COUNTRY TARGETED],,,,,
6968,ğŸ‡²ğŸ‡´TikTok Views [Macao] [Refill: No] [Max: 5M] [Start Time: 0-1 Hour] [Speed: 100K/Day],Default,0.1563,1000,FALSE,FALSE,FALSE,Tiktok Views [COUNTRY TARGETED],,,,,
6969,ğŸ‡²ğŸ‡°TikTok Views [Macedonia] [Refill: No] [Max: 5M] [Start Time: 0-1 Hour] [Speed: 100K/Day],Default,0.1563,1000,FALSE,FALSE,FALSE,Tiktok Views [COUNTRY TARGETED],,,,,
6970,ğŸ‡²ğŸ‡¬TikTok Views [Madagascar] [Refill: No] [Max: 5M] [Start Time: 0-1 Hour] [Speed: 100K/Day],Default,0.1563,1000,FALSE,FALSE,FALSE,Tiktok Views [COUNTRY TARGETED],,,,,
6971,ğŸ‡²ğŸ‡¼TikTok Views [Malawi] [Refill: No] [Max: 5M] [Start Time: 0-1 Hour] [Speed: 100K/Day],Default,0.1563,1000,FALSE,FALSE,FALSE,Tiktok Views [COUNTRY TARGETED],,,,,
6972,ğŸ‡²ğŸ‡¾TikTok Views [Malaysia] [Refill: No] [Max: 5M] [Start Time: 0-1 Hour] [Speed: 100K/Day],Default,0.1563,1000,FALSE,FALSE,FALSE,Tiktok Views [COUNTRY TARGETED],,,,,
6973,ğŸ‡²ğŸ‡»TikTok Views [Maldives] [Refill: No] [Max: 5M] [Start Time: 0-1 Hour] [Speed: 100K/Day],Default,0.1563,1000,FALSE,FALSE,FALSE,Tiktok Views [COUNTRY TARGETED],,,,,
6974,ğŸ‡²ğŸ‡±TikTok Views [Mali] [Refill: No] [Max: 5M] [Start Time: 0-1 Hour] [Speed: 100K/Day],Default,0.1563,1000,FALSE,FALSE,FALSE,Tiktok Views [COUNTRY TARGETED],,,,,
6975,ğŸ‡²ğŸ‡¹TikTok Views [Malta] [Refill: No] [Max: 5M] [Start Time: 0-1 Hour] [Speed: 100K/Day],Default,0.1563,1000,FALSE,FALSE,FALSE,Tiktok Views [COUNTRY TARGETED],,,,,
6976,ğŸ‡²ğŸ‡¶TikTok Views [Martinique] [Refill: No] [Max: 5M] [Start Time: 0-1 Hour] [Speed: 100K/Day],Default,0.1563,1000,FALSE,FALSE,FALSE,Tiktok Views [COUNTRY TARGETED],,,,,
6977,ğŸ‡²ğŸ‡¦TikTok Views [Morocco] [Refill: No] [Max: 5M] [Start Time: 0-1 Hour] [Speed: 100K/Day],Default,0.1563,1000,FALSE,FALSE,FALSE,Tiktok Views [COUNTRY TARGETED],,,,,
6978,ğŸ‡³ğŸ‡¦TikTok Views [Namibia] [Refill: No] [Max: 5M] [Start Time: 0-1 Hour] [Speed: 100K/Day],Default,0.1563,1000,FALSE,FALSE,FALSE,Tiktok Views [COUNTRY TARGETED],,,,,
6979,ğŸ‡³ğŸ‡µTikTok Views [Nepal] [Refill: No] [Max: 5M] [Start Time: 0-1 Hour] [Speed: 100K/Day],Default,0.1563,1000,FALSE,FALSE,FALSE,Tiktok Views [COUNTRY TARGETED],,,,,
6980,ğŸ‡³ğŸ‡±TikTok Views [Netherlands] [Refill: No] [Max: 5M] [Start Time: 0-1 Hour] [Speed: 100K/Day],Default,0.1563,1000,FALSE,FALSE,FALSE,Tiktok Views [COUNTRY TARGETED],,,,,
6981,TikTok Views [Caledonia] [Refill: No] [Max: 5M] [Start Time: 0-1 Hour] [Speed: 100K/Day],Default,0.1563,1000,FALSE,FALSE,FALSE,Tiktok Views [COUNTRY TARGETED],,,,,
6982,ğŸ‡´ğŸ‡²TikTok Views [Oman] [Refill: No] [Max: 5M] [Start Time: 0-1 Hour] [Speed: 100K/Day],Default,0.1563,1000,FALSE,FALSE,FALSE,Tiktok Views [COUNTRY TARGETED],,,,,
6983,ğŸ‡µğŸ‡°TikTok Views [Pakistan] [Refill: No] [Max: 5M] [Start Time: 0-1 Hour] [Speed: 100K/Day],Default,0.1563,1000,FALSE,FALSE,FALSE,Tiktok Views [COUNTRY TARGETED],,,,,
6984,ğŸ‡µğŸ‡¬TikTok Views [Papua] [Refill: No] [Max: 5M] [Start Time: 0-1 Hour] [Speed: 100K/Day],Default,0.1563,1000,FALSE,FALSE,FALSE,Tiktok Views [COUNTRY TARGETED],,,,,
6985,ğŸ‡µğŸ‡¾TikTok Views [Paraguay] [Refill: No] [Max: 5M] [Start Time: 0-1 Hour] [Speed: 100K/Day],Default,0.1563,1000,FALSE,FALSE,FALSE,Tiktok Views [COUNTRY TARGETED],,,,,
6986,ğŸ‡µğŸ‡±TikTok Views [Poland] [Refill: No] [Max: 5M] [Start Time: 0-1 Hour] [Speed: 100K/Day],Default,0.1563,1000,FALSE,FALSE,FALSE,Tiktok Views [COUNTRY TARGETED],,,,,
6987,ğŸ‡µğŸ‡¹TikTok Views [Portugal] [Refill: No] [Max: 5M] [Start Time: 0-1 Hour] [Speed: 100K/Day],Default,0.1563,1000,FALSE,FALSE,FALSE,Tiktok Views [COUNTRY TARGETED],,,,,
6988,ğŸ‡·ğŸ‡ºTikTok Views [Russian] [Refill: No] [Max: 5M] [Start Time: 0-1 Hour] [Speed: 100K/Day],Default,0.1563,1000,FALSE,FALSE,FALSE,Tiktok Views [COUNTRY TARGETED],,,,,
6989,ğŸ‡¸ğŸ‡¦TikTok Views [KSA] [Refill: No] [Max: 5M] [Start Time: 0-1 Hour] [Speed: 100K/Day],Default,0.1563,1000,FALSE,FALSE,FALSE,Tiktok Views [COUNTRY TARGETED],,,,,
6990,ğŸ‡ªğŸ‡¸TikTok Views [Spain] [Refill: No] [Max: 5M] [Start Time: 0-1 Hour] [Speed: 100K/Day],Default,0.1563,1000,FALSE,FALSE,FALSE,Tiktok Views [COUNTRY TARGETED],,,,,
6991,ğŸ‡¸ğŸ‡©TikTok Views [Sudan] [Refill: No] [Max: 5M] [Start Time: 0-1 Hour] [Speed: 100K/Day],Default,0.1563,1000,FALSE,FALSE,FALSE,Tiktok Views [COUNTRY TARGETED],,,,,
6992,ğŸ‡³ğŸ‡´TikTok Views [Svalbard] [Refill: No] [Max: 5M] [Start Time: 0-1 Hour] [Speed: 100K/Day],Default,0.1563,1000,FALSE,FALSE,FALSE,Tiktok Views [COUNTRY TARGETED],,,,,
6993,ğŸ‡¸ğŸ‡ªTikTok Views [Sweden] [Refill: No] [Max: 5M] [Start Time: 0-1 Hour] [Speed: 100K/Day],Default,0.1563,1000,FALSE,FALSE,FALSE,Tiktok Views [COUNTRY TARGETED],,,,,
6994,ğŸ‡¹ğŸ‡¼TikTok Views [Taiwan] [Refill: No] [Max: 5M] [Start Time: 0-1 Hour] [Speed: 100K/Day],Default,0.1563,1000,FALSE,FALSE,FALSE,Tiktok Views [COUNTRY TARGETED],,,,,
6995,ğŸ‡¹ğŸ‡¿TikTok Views [Tanzania] [Refill: No] [Max: 5M] [Start Time: 0-1 Hour] [Speed: 100K/Day],Default,0.1563,1000,FALSE,FALSE,FALSE,Tiktok Views [COUNTRY TARGETED],,,,,
6996,ğŸ‡®ğŸ‡©TikTok Views [Indonesia] [Refill: No] [Max: 5M] [Start Time: 0-1 Hour] [Speed: 100K/Day],Default,0.1563,1000,FALSE,FALSE,FALSE,Tiktok Views [COUNTRY TARGETED],,,,,
6997,ğŸ‡¹ğŸ‡¹TikTok Views [Trinidad] [Refill: No] [Max: 5M] [Start Time: 0-1 Hour] [Speed: 100K/Day],Default,0.1563,1000,FALSE,FALSE,FALSE,Tiktok Views [COUNTRY TARGETED],,,,,
6998,ğŸ‡¹ğŸ‡²TikTok Views [Turkmenistan] [Refill: No] [Max: 5M] [Start Time: 0-1 Hour] [Speed: 100K/Day],Default,0.1563,1000,FALSE,FALSE,FALSE,Tiktok Views [COUNTRY TARGETED],,,,,
6999,TikTok Views [WW] [Refill: No] [Max: 5M] [Start Time: 0-1 Hour] [Speed: 100K/Day],Default,0.1563,1000,FALSE,FALSE,FALSE,Tiktok Views [COUNTRY TARGETED],,,,,
7000,ğŸ‡ºğŸ‡¸TikTok Views [USA] [Refill: No] [Max: 5M] [Start Time: 0-1 Hour] [Speed: 100K/Day],Default,0.1563,1000,TRUE,FALSE,FALSE,Tiktok Views [COUNTRY TARGETED],,,,,
7001,ğŸ‡ºğŸ‡¾TikTok Views [Uruguay] [Refill: No] [Max: 5M] [Start Time: 0-1 Hour] [Speed: 100K/Day],Default,0.1563,1000,FALSE,FALSE,FALSE,Tiktok Views [COUNTRY TARGETED],,,,,
7002,ğŸ‡ºğŸ‡¿TikTok Views [Uzbekistan] [Refill: No] [Max: 5M] [Start Time: 0-1 Hour] [Speed: 100K/Day],Default,0.1563,1000,FALSE,FALSE,FALSE,Tiktok Views [COUNTRY TARGETED],,,,,
7003,ğŸ‡»ğŸ‡ªTikTok Views [Venezuela] [Refill: No] [Max: 5M] [Start Time: 0-1 Hour] [Speed: 100K/Day],Default,0.1563,1000,FALSE,FALSE,FALSE,Tiktok Views [COUNTRY TARGETED],,,,,
7004,ğŸ‡¼ğŸ‡«TikTok Views [Futuna] [Refill: No] [Max: 5M] [Start Time: 0-1 Hour] [Speed: 100K/Day],Default,0.1563,1000,FALSE,FALSE,FALSE,Tiktok Views [COUNTRY TARGETED],,,,,
7005,ğŸ‡¾ğŸ‡ªTikTok Views [Yemen] [Refill: No] [Max: 5M] [Start Time: 0-1 Hour] [Speed: 100K/Day],Default,0.1563,1000,FALSE,FALSE,FALSE,Tiktok Views [COUNTRY TARGETED],,,,,
7006,TikTok Views [Yugoslavia] [Refill: No] [Max: 5M] [Start Time: 0-1 Hour] [Speed: 100K/Day],Default,0.1563,1000,FALSE,FALSE,FALSE,Tiktok Views [COUNTRY TARGETED],,,,,
7007,ğŸ‡¿ğŸ‡²TikTok Views [Zambia] [Refill: No] [Max: 5M] [Start Time: 0-1 Hour] [Speed: 100K/Day],Default,0.1563,1000,FALSE,FALSE,FALSE,Tiktok Views [COUNTRY TARGETED],,,,,
7870,TikTok Comments [RANDOM &amp; RELATED TO THE TOPIC] [Refill: 30D] [Max: 100] [Start Time: 0-1 Hr] [Speed: 100/D],Default,41.25,1000,TRUE,FALSE,FALSE,Tiktok Comments,,,,,
1978,Tiktok Comments [3 HQ Random Comments] [Max: 3] [Start Time: 0-1 Hour] [Finishes in 3 Hours],Default,0.775,1000,FALSE,FALSE,FALSE,Tiktok Comments,,,,,
7074,TikTok Comments [Package: 3 comments within the content] [HQ] [Gulf Arabs] [Refill: 30 Days] [Start: 0-1 hour] [Speed: 3 Hours Delivery],Package,0.2588,1000,FALSE,FALSE,FALSE,Tiktok Comments,,,,,
4253,Tiktok Comments [6 HQ Random Comments] [Max: 6] [Start Time: 0-1 Hour] [Finishes in: 3 Hours],Default,1.55,1000,FALSE,FALSE,FALSE,Tiktok Comments,,,,,
7075,TikTok Comments [Package: 6 comments within the content] [HQ] [Gulf Arabs] [Refill: 30 Days] [Start Time: 0-1 hour] [Speed: 3 Hours Delivery],Package,0.5175,1000,FALSE,FALSE,FALSE,Tiktok Comments,,,,,
4254,Tiktok Comments [9 HQ Random Comments] [Max: 9] [Start Time: 0-1 Hour] [Finishes in: 3 Hours],Default,2.325,1000,FALSE,FALSE,FALSE,Tiktok Comments,,,,,
7076,TikTok Comments [Package: 9 comments within the content] [HQ] [Gulf Arabs] [Refill: 30 Days] [Start Time: 0-1 hour] [Speed: 3 Hours Delivery],Package,0.7763,1000,FALSE,FALSE,FALSE,Tiktok Comments,,,,,
4255,Tiktok Comments [12 HQ Random Comments] [Max: 12] [Start Time: 0-1 Hour] [Finishes in: 3 Hours],Default,2.9,1000,FALSE,FALSE,FALSE,Tiktok Comments,,,,,
4256,Tiktok Comments [15 HQ Random Comments] [Max: 15] [Start Time: 0-1 Hour] [Finishes in: 3 Hours],Default,3.875,1000,FALSE,FALSE,FALSE,Tiktok Comments,,,,,
9402,Tiktok Comments [EMOJI] [Max: 100M] [Refill: 30D] [Start Time: 0-2 Hrs] [Speed: Up to 35k/Day] ğŸ’§â™»ï¸,Default,1,1000,TRUE,TRUE,FALSE,Tiktok Comments,,,,,
9403,Tiktok Comments [CUSTOM] [Max: 100M] [Refill: 30D] [Start Time: 0-2 Hrs] [Speed: Up to 35k/Day] ğŸ’§â™»ï¸,Custom Comments,1.875,1000,TRUE,TRUE,FALSE,Tiktok Comments,,,,,
9404,Tiktok Comments [RANDOM] [Max: 100M] [Refill: 30D] [Start Time: 0-2 Hrs] [Speed: Up to 35k/Day] ğŸ’§â™»ï¸,Default,1.875,1000,TRUE,TRUE,FALSE,Tiktok Comments,,,,,
6474,Tiktok Comments [Organic] [Max: 10K] [Refill: No] [Start Time: 0-1 Hour] [Speed: 1k/Day],Default,5,1000,TRUE,FALSE,TRUE,Tiktok Comments,,,,,
6473,TikTok Comments [RANDOM EMOJI] [Refill: No] [Max: 50K] [Start Time: 0-1 Hr] [Speed: 50K/D],Default,1.125,1000,TRUE,FALSE,FALSE,Tiktok Comments,,,,,
7675,TikTok Comments [CUSTOM] [Refill: No] [Max: 50K] [Start Time: 0-1 Hr] [Speed: 50K/D],Custom Comments,1.875,1000,FALSE,FALSE,FALSE,Tiktok Comments,,,,,
7674,Tiktok Custom Comments [Organic] [Max: 10K] [Refill: No] [Start Time: 0-1 Hour] [Speed: 1k/Day],Custom Comments,5.06,1000,FALSE,FALSE,FALSE,Tiktok Comments,,,,,
7053,TikTok Comments [CUSTOM] [Refill: 30 Days] [QUALITY: LOW] [Max: 10K] [Start Time: 0-1 Hour] [Speed: 1K/Hour]ğŸ”¥,Custom Comments,4.375,1000,FALSE,FALSE,FALSE,Tiktok Comments,,,,,
7118,TikTok Comments [CUSTOM] [Refill: 30 Days] [Max: 5K] [Start Time: 0-1 Hour] [Speed: 5K/Hour]ğŸ”¥,Custom Comments,6.25,1000,FALSE,FALSE,FALSE,Tiktok Comments,,,,,
7054,TikTok Comments [RANDOM] [Refill: 30 Days] [Max: 10K] [Start Time: 0-1 Hour] [Speed: 1K/Hour]ğŸ”¥,Default,4.375,1000,FALSE,FALSE,FALSE,Tiktok Comments,,,,,
6797,TikTok Comments [EMOJI] [Refill: 30 Days] [Max: 5K] [Start Time: 1 Hour] [Speed: 5K/Day],Default,8.75,1000,FALSE,FALSE,FALSE,Tiktok Comments,,,,,
3376,TikTok Comment [CUSTOM] [Refill: 30 Days] [Max: 60K] [Start Time: 1 Hour] [Speed: 500/Day] â™»ï¸,Custom Comments,10,1000,FALSE,FALSE,FALSE,Tiktok Comments,,,,,
3377,TikTok Comment [RANDOM - RUSSIAN] [Refill: 30 Days] [Max: 60K] [Start Time: 1 Hour] [Speed: 500/Day] â™»ï¸,Default,10,1000,TRUE,FALSE,FALSE,Tiktok Comments,,,,,
8106,TikTok Comment Likes [Refill: 30D] [Max: 50K [Start Time: 0 - 1 Hr] [Speed: Up to 5K/D],Comment Likes,0.25,1000,FALSE,FALSE,FALSE,Tiktok Comments,,,,,
6211,TikTok Comment DisLikes [Refill: 30D] [Max: 50K [Start Time: 0 - 1 Hr] [Speed: Up to 5K/D],Comment Likes,0.25,1000,FALSE,FALSE,FALSE,Tiktok Comments,,,,,
3378,ğŸ‡·ğŸ‡ºTikTok Comment [POSITIVE RANDOM - RUSSIAN] [Refill: 30 Days] [Max: 60K] [Start Time: 1 Hour] [Speed: 500/Day] â™»ï¸,Default,10,1000,TRUE,FALSE,FALSE,Tiktok Comments,,,,,
3379,ğŸ‡·ğŸ‡ºTikTok Comment [NEUTRAL RANDOM - RUSSIAN] [Refill: 30 Days] [Max: 60K] [Start Time: 1 Hour] [Speed: 500/Day] â™»ï¸,Default,10,1000,TRUE,FALSE,FALSE,Tiktok Comments,,,,,
6698,ğŸ‡ºğŸ‡¦TikTok Comment [CUSTOM RANDOM - UKRAINE] [Refill: 30 Days] [Max: 160K] [Start Time: 1 Hour] [Speed: 500/Day] â™»ï¸,Custom Comments,10,1000,FALSE,FALSE,FALSE,Tiktok Comments,,,,,
6699,ğŸ‡ºğŸ‡¦TikTok Comment [RANDOM - UKRAINE] [Refill: 30 Days] [Max: 160K] [Start Time: 1 Hour] [Speed: 500/Day] â™»ï¸,Default,10,1000,TRUE,FALSE,FALSE,Tiktok Comments,,,,,
6700,ğŸ‡ºğŸ‡¦TikTok Comment [POSITIVE RANDOM - UKRAINE] [Refill: 30 Days] [Max: 160K] [Start Time: 1 Hour] [Speed: 500/Day] â™»ï¸,Default,10,1000,TRUE,FALSE,FALSE,Tiktok Comments,,,,,
6701,ğŸ‡ºğŸ‡¦TikTok Comment [NEUTRAL RANDOM - UKRAINE] [Refill: 30 Days] [Max: 160K] [Start Time: 1 Hour] [Speed: 500/Day] â™»ï¸,Default,10,1000,TRUE,FALSE,FALSE,Tiktok Comments,,,,,
7078,TikTok Comments [CUSTOM] [Gulf Arabs] [Start Time: 0-24 hours],Custom Comments,26.55,1000,FALSE,FALSE,FALSE,Tiktok Comments,,,,,
9407,TikTok Comment Likes [Max: 100K] [Start Time: 0 - 1 Hr] [Refill: 30D] [Speed: Up to 50K/Day] ğŸ’§â™»ï¸,Default,0.1875,1000,TRUE,TRUE,FALSE,Tiktok Comments,,,,,
9103,TikTok Livestream Views [Max: 100K] [Start Time: INSTANT] [Stay: 15 mins]ğŸ’§â›”,Default,0.7125,1000,TRUE,FALSE,TRUE,TikTok Live Views,,,,,
9104,TikTok Livestream Views [Max: 100K] [Start Time: INSTANT] [Stay: 30 mins]ğŸ’§â›”,Default,1.425,1000,TRUE,FALSE,TRUE,TikTok Live Views,,,,,
9105,TikTok Livestream Views [Max: 100K] [Start Time: INSTANT] [Stay: 60 mins]ğŸ’§â›”,Default,2.85,1000,TRUE,FALSE,TRUE,TikTok Live Views,,,,,
9106,TikTok Livestream Views [Max: 100K] [Start Time: INSTANT] [Stay: 90 mins]ğŸ’§â›”,Default,4.375,1000,TRUE,FALSE,TRUE,TikTok Live Views,,,,,
9107,TikTok Livestream Views [Max: 100K] [Start Time: INSTANT] [Stay: 120 mins]ğŸ’§â›”,Default,5.7,1000,TRUE,FALSE,TRUE,TikTok Live Views,,,,,
9108,TikTok Livestream Views [Max: 100K] [Start Time: INSTANT] [Stay: 180 mins]ğŸ’§â›”,Default,8.5,1000,TRUE,FALSE,TRUE,TikTok Live Views,,,,,
9109,TikTok Livestream Views [Max: 100K] [Start Time: INSTANT] [Stay: 240 mins]ğŸ’§â›”,Default,11.4,1000,TRUE,FALSE,TRUE,TikTok Live Views,,,,,
8713,TikTok Livestream Views [Max: 50K] [Start Time: INSTANT] [Stay: 15 mins],Default,0.625,1000,FALSE,FALSE,FALSE,TikTok Live Views,,,,,
8652,TikTok Livestream Views [Max: 50K] [Start Time: INSTANT] [Stay: 30 mins],Default,1.25,1000,FALSE,FALSE,FALSE,TikTok Live Views,,,,,
8653,TikTok Livestream Views [Max: 50K] [Start Time: INSTANT] [Stay: 60 mins],Default,2.5,1000,FALSE,FALSE,FALSE,TikTok Live Views,,,,,
8654,TikTok Livestream Views [Max: 50K] [Start Time: INSTANT] [Stay: 90 mins],Default,3.75,1000,FALSE,FALSE,FALSE,TikTok Live Views,,,,,
8655,TikTok Livestream Views [Max: 50K] [Start Time: INSTANT] [Stay: 120 mins],Default,5,1000,FALSE,FALSE,FALSE,TikTok Live Views,,,,,
8656,TikTok Livestream Views [Max: 50K] [Start Time: INSTANT] [Stay: 150 mins],Default,6.25,1000,FALSE,FALSE,FALSE,TikTok Live Views,,,,,
8657,TikTok Livestream Views [Max: 50K] [Start Time: INSTANT] [Stay: 180 mins],Default,7.5,1000,FALSE,FALSE,FALSE,TikTok Live Views,,,,,
8658,TikTok Livestream Views [Max: 50K] [Start Time: INSTANT] [Stay: 210 mins],Default,8.75,1000,FALSE,FALSE,FALSE,TikTok Live Views,,,,,
8714,TikTok Livestream Views [Max: 50K] [Start Time: INSTANT] [Stay: 240 mins],Default,10,1000,FALSE,FALSE,FALSE,TikTok Live Views,,,,,
8715,TikTok Livestream Views [Max: 50K] [Start Time: INSTANT] [Stay: 300 mins],Default,12.5,1000,FALSE,FALSE,FALSE,TikTok Live Views,,,,,
8716,TikTok Livestream Views [Max: 50K] [Start Time: INSTANT] [Stay: 360 mins],Default,15,1000,FALSE,FALSE,FALSE,TikTok Live Views,,,,,
8659,TikTok Livestream Views [Max: 50K] [Start Time: INSTANT] [Stay: 240 mins],Default,10,1000,FALSE,FALSE,FALSE,TikTok Live Views,,,,,
5690,TikTok Livestream Views [Max: 100K] [Start Time: INSTANT] [Stay: 15 mins],Default,0.25,1000,FALSE,FALSE,FALSE,TikTok Live Views,,,,,
5674,TikTok Livestream Views [Max: 100K] [Start Time: INSTANT] [Stay: 30 mins],Default,0.5,1000,FALSE,FALSE,FALSE,TikTok Live Views,,,,,
5675,TikTok Livestream Views [Max: 100K] [Start Time: INSTANT] [Stay: 60 mins],Default,1,1000,FALSE,FALSE,FALSE,TikTok Live Views,,,,,
5676,TikTok Livestream Views [Max: 100K] [Start Time: INSTANT] [Stay: 90 mins],Default,1.5,1000,FALSE,FALSE,FALSE,TikTok Live Views,,,,,
5677,TikTok Livestream Views [Max: 100K] [Start Time: INSTANT] [Stay: 120 mins],Default,2,1000,FALSE,FALSE,FALSE,TikTok Live Views,,,,,
5678,TikTok Livestream Views [Max: 100K] [Start Time: INSTANT] [Stay: 180 mins],Default,3,1000,FALSE,FALSE,FALSE,TikTok Live Views,,,,,
5679,TikTok Livestream Views [Max: 100K] [Start Time: INSTANT] [Stay: 240 mins],Default,4,1000,FALSE,FALSE,FALSE,TikTok Live Views,,,,,
8554,TikTok Livestream Views [Max: 200K] [Start Time: INSTANT] [Stay: 15 mins],Default,0.195,1000,FALSE,FALSE,FALSE,TikTok Live Views,,,,,
195,TikTok Livestream Views [Max: 200K] [Start Time: INSTANT] [Stay: 30 mins],Default,0.39,1000,FALSE,FALSE,FALSE,TikTok Live Views,,,,,
5680,TikTok Livestream Views [Max: 200K] [Start Time: INSTANT] [Stay: 60 mins],Default,0.78,1000,FALSE,FALSE,FALSE,TikTok Live Views,,,,,
5681,TikTok Livestream Views [Max: 200K] [Start Time: INSTANT] [Stay: 90 mins],Default,1.17,1000,FALSE,FALSE,FALSE,TikTok Live Views,,,,,
5682,TikTok Livestream Views [Max: 200K] [Start Time: INSTANT] [Stay: 120 mins],Default,1.56,1000,FALSE,FALSE,FALSE,TikTok Live Views,,,,,
5683,TikTok Livestream Views [Max: 200K] [Start Time: INSTANT] [Stay: 180 mins],Default,2.34,1000,FALSE,FALSE,FALSE,TikTok Live Views,,,,,
5684,TikTok Livestream Views [Max: 200K] [Start Time: INSTANT] [Stay: 240 mins],Default,3.12,1000,FALSE,FALSE,FALSE,TikTok Live Views,,,,,
7755,TikTok Livestream Views [Max: 200K] [Start Time: INSTANT] [Stay: 300 mins],Default,3.9,1000,FALSE,FALSE,FALSE,TikTok Live Views,,,,,
8380,TikTok Livestream Views [Max: 200K] [Start Time: INSTANT] [Stay: 360 mins],Default,4.68,1000,FALSE,FALSE,FALSE,TikTok Live Views,,,,,
5689,TikTok Livestream Views [Max: 200K] [Start Time: INSTANT] [Stay: 420 mins],Default,5.46,1000,FALSE,FALSE,FALSE,TikTok Live Views,,,,,
7752,TikTok Livestream Views [Max: 10K] [Start Time: INSTANT] [Stay: 15 mins],Default,0.625,1000,TRUE,FALSE,FALSE,TikTok Live Views,,,,,
7753,TikTok Livestream Views [Max: 10K] [Start Time: INSTANT] [Stay: 30 mins],Default,1.25,1000,TRUE,FALSE,FALSE,TikTok Live Views,,,,,
7754,TikTok Livestream Views [Max: 10K] [Start Time: INSTANT] [Stay: 60 mins],Default,2.5,1000,TRUE,FALSE,FALSE,TikTok Live Views,,,,,
6325,TikTok Livestream Views [Max: 10K] [Start Time: INSTANT] [Stay: 90 mins],Default,3.75,1000,TRUE,FALSE,FALSE,TikTok Live Views,,,,,
6320,TikTok Livestream Views [Max: 10K] [Start Time: INSTANT] [Stay: 120 mins],Default,5,1000,TRUE,FALSE,FALSE,TikTok Live Views,,,,,
6321,TikTok Livestream Views [Max: 10K] [Start Time: INSTANT] [Stay: 180 mins],Default,7.5,1000,TRUE,FALSE,FALSE,TikTok Live Views,,,,,
6322,TikTok Livestream Views [Max: 10K] [Start Time: INSTANT] [Stay: 240 mins],Default,10,1000,TRUE,FALSE,FALSE,TikTok Live Views,,,,,
8552,TikTok Livestream Views [Max: 20K] [Start Time: INSTANT] [Stay: 15 mins],Default,0.75,1000,TRUE,FALSE,FALSE,TikTok Live Views,,,,,
8553,TikTok Livestream Views [Max: 20K] [Start Time: INSTANT] [Stay: 30 mins],Default,1.5,1000,FALSE,FALSE,FALSE,TikTok Live Views,,,,,
85,TikTok Livestream Views [Max: 20K] [Start Time: INSTANT] [Stay: 60 mins],Default,3,1000,FALSE,FALSE,FALSE,TikTok Live Views,,,,,
324,TikTok Livestream Views [Max: 20K] [Start Time: INSTANT] [Stay: 90 mins],Default,4.5,1000,FALSE,FALSE,FALSE,TikTok Live Views,,,,,
581,TikTok Livestream Views [Max: 20K] [Start Time: INSTANT] [Stay: 180 mins],Default,9,1000,FALSE,FALSE,FALSE,TikTok Live Views,,,,,
909,TikTok Livestream Views [Max: 20K] [Start Time: INSTANT] [Stay: 240 mins],Default,12,1000,FALSE,FALSE,FALSE,TikTok Live Views,,,,,
977,TikTok Livestream Views [Max: 20K] [Start Time: INSTANT] [Stay: 360 mins],Default,18,1000,FALSE,FALSE,FALSE,TikTok Live Views,,,,,
8237,TikTok Livestream Views [Max: 10K] [Start Time: INSTANT] [Stay: 15 mins],Default,7.125,1000,FALSE,FALSE,FALSE,TikTok Live Views,,,,,
8238,TikTok Livestream Views [Max: 10K] [Start Time: INSTANT] [Stay: 30 mins],Default,11.125,1000,FALSE,FALSE,FALSE,TikTok Live Views,,,,,
8229,TikTok Livestream Views [Max: 10K] [Start Time: INSTANT] [Stay: 60 min],Default,17.8125,1000,FALSE,FALSE,FALSE,TikTok Live Views,,,,,
8393,TikTok Livestream Views [Max: 10K] [Start Time: INSTANT] [Stay: 90 min],Default,26.125,1000,FALSE,FALSE,FALSE,TikTok Live Views,,,,,
8230,TikTok Livestream Views [Max: 30K] [Start Time: INSTANT] [Stay: 2 Hours],Default,29.925,1000,TRUE,FALSE,FALSE,TikTok Live Views,,,,,
8231,TikTok Livestream Views [Max: 10K] [Start Time: INSTANT] [Stay: 3 Hours],Default,45.5,1000,FALSE,FALSE,FALSE,TikTok Live Views,,,,,
8379,TikTok Livestream Views [Max: 10K] [Start Time: INSTANT] [Stay: 4 Hours],Default,58.425,1000,FALSE,FALSE,FALSE,TikTok Live Views,,,,,
8232,TikTok Livestream Views [Max: 10K] [Start Time: INSTANT] [Stay: 6 Hours],Default,82.65,1000,FALSE,FALSE,FALSE,TikTok Live Views,,,,,
8378,TikTok Livestream Views [Max: 10K] [Start Time: INSTANT] [Stay: 24 Hours],Default,149.625,1000,FALSE,FALSE,FALSE,TikTok Live Views,,,,,
6319,TikTok Livestream Views [Max: 100K] [Start Time: INSTANT] [Stay: 30 min],Default,14.016,1000,FALSE,FALSE,FALSE,TikTok Live Views,,,,,
7751,TikTok Livestream Views [Max: 100K] [Start Time: INSTANT] [Stay: 60 min],Default,28.032,1000,FALSE,FALSE,FALSE,TikTok Live Views,,,,,
6323,TikTok Livestream Views [Max: 20K] [Start Time: INSTANT] [Stay: 15 Mins],Default,0.8625,1000,TRUE,FALSE,FALSE,TikTok Live Views,,,,,
5686,TikTok Livestream Views [Max: 20K] [Start Time: INSTANT] [Stay: 30 Mins],Default,1.8875,1000,FALSE,FALSE,FALSE,TikTok Live Views,,,,,
6324,TikTok Livestream Views [Max: 20K] [Start Time: INSTANT] [Stay: 60 Mins],Default,3.7625,1000,FALSE,FALSE,FALSE,TikTok Live Views,,,,,
5687,TikTok Livestream Views [Max: 20K] [Start Time: INSTANT] [Stay: 90 Mins],Default,2,1000,FALSE,FALSE,FALSE,TikTok Live Views,,,,,
5688,TikTok Livestream Views [Max: 20K] [Start Time: INSTANT] [Stay: 120 Mins],Default,7.5125,1000,FALSE,FALSE,FALSE,TikTok Live Views,,,,,
8192,TikTok Livestream Views [Max: 100K] [LQ] [Start Time: INSTANT] [Stay: 15 min],Default,0.6757,1000,TRUE,FALSE,FALSE,TikTok Live Views,,,,,
8193,TikTok Livestream Views [Max: 100K] [LQ] [Start Time: INSTANT] [Stay: 30 min],Default,1.3513,1000,FALSE,FALSE,FALSE,TikTok Live Views,,,,,
8194,TikTok Livestream Views [Max: 100K] [LQ] [Start Time: INSTANT] [Stay: 60 min],Default,2.7025,1000,FALSE,FALSE,FALSE,TikTok Live Views,,,,,
8195,TikTok Livestream Views [Max: 100K] [LQ] [Start Time: INSTANT] [Stay: 90 min],Default,4.0538,1000,FALSE,FALSE,FALSE,TikTok Live Views,,,,,
8196,TikTok Livestream Views [Max: 100K] [LQ] [Start Time: INSTANT] [Stay: 120 min],Default,5.405,1000,FALSE,FALSE,FALSE,TikTok Live Views,,,,,
8197,TikTok Livestream Views [Max: 100K] [LQ] [Start Time: INSTANT] [Stay: 180 min],Default,8.1075,1000,FALSE,FALSE,FALSE,TikTok Live Views,,,,,
8198,TikTok Livestream Views [Max: 100K] [LQ] [Start Time: INSTANT] [Stay: 240 min],Default,10.81,1000,FALSE,FALSE,FALSE,TikTok Live Views,,,,,
8717,TikTok Livestream Views [ARAB] [Max: 10K] [Start Time: INSTANT] [Stay: 15 mins],Default,2.5,1000,FALSE,FALSE,FALSE,TikTok Live Views [ARAB],,,,,
8718,TikTok Livestream Views [ARAB] [Max: 10K] [Start Time: INSTANT] [Stay: 30 mins],Default,5,1000,FALSE,FALSE,FALSE,TikTok Live Views [ARAB],,,,,
8719,TikTok Livestream Views [ARAB] [Max: 10K] [Start Time: INSTANT] [Stay: 60 mins],Default,10,1000,FALSE,FALSE,FALSE,TikTok Live Views [ARAB],,,,,
8720,TikTok Livestream Views [ARAB] [Max: 10K] [Start Time: INSTANT] [Stay: 90 mins],Default,15,1000,FALSE,FALSE,FALSE,TikTok Live Views [ARAB],,,,,
8721,TikTok Livestream Views [ARAB] [Max: 10K] [Start Time: INSTANT] [Stay: 120 mins],Default,20,1000,FALSE,FALSE,FALSE,TikTok Live Views [ARAB],,,,,
8722,TikTok Livestream Views [ARAB] [Max: 10K] [Start Time: INSTANT] [Stay: 180 mins],Default,30,1000,FALSE,FALSE,FALSE,TikTok Live Views [ARAB],,,,,
8723,TikTok Livestream Views [ARAB] [Max: 10K] [Start Time: INSTANT] [Stay: 240 mins],Default,40,1000,FALSE,FALSE,FALSE,TikTok Live Views [ARAB],,,,,
8724,TikTok Livestream Views [ARAB] [Max: 10K] [Start Time: INSTANT] [Stay: 300 mins],Default,50,1000,FALSE,FALSE,FALSE,TikTok Live Views [ARAB],,,,,
8725,TikTok Livestream Views [ARAB] [Max: 10K] [Start Time: INSTANT] [Stay: 360 mins],Default,60,1000,FALSE,FALSE,FALSE,TikTok Live Views [ARAB],,,,,
9413,TikTok Live Likes [Refill: No] [Max: 10M] [Start Time: 0 - 1 Hr] [Speed: Up to 100K/D] ğŸ’§,Default,0.0188,1000,TRUE,FALSE,FALSE,TikTok Live Likes / Shares / Comments,,,,,
9298,TikTok Live Likes [Refill: No] [Max: 1M] [Start Time: 0 - 1 Hr] [Speed: Up to 100K/D] ğŸ’§,Default,0.0625,1000,TRUE,FALSE,FALSE,TikTok Live Likes / Shares / Comments,,,,,
7565,Tiktok Live Likes [Max: 1M] [Start Time: 0 - 1 Hours] [Speed: 250K/Day] ğŸ’§,Default,0.1,1000,TRUE,FALSE,FALSE,TikTok Live Likes / Shares / Comments,,,,,
5685,Tiktok Live Likes [Max: 1M] [Start Time: 0 - 1 Hours] [Speed: 100K/Day] ğŸ’§,Default,0.0375,1000,TRUE,FALSE,FALSE,TikTok Live Likes / Shares / Comments,,,,,
5673,Tiktok Live Likes [Max: 500K] [Start Time: 0 - 1 Hours] [Speed: 100K/Day] ğŸ’§,Default,0.0875,1000,TRUE,FALSE,FALSE,TikTok Live Likes / Shares / Comments,,,,,
7738,Tiktok Live Likes [Max: 100K] [Start Time: 0 - 1 Hours] [Speed: 100K/Day] ğŸ’§,Default,0.1,1000,TRUE,FALSE,FALSE,TikTok Live Likes / Shares / Comments,,,,,
8063,Tiktok Live Likes [Max: 100K] [Start Time: Instant] [Speed: 100K/Day],Default,0.1025,1000,TRUE,FALSE,FALSE,TikTok Live Likes / Shares / Comments,,,,,
455,Tiktok Live Comments [RANDOM EMOJI] [Max: 10K] [Start Time: 0 - 3 Hrs] [Speed: 5K/D],Default,1.25,1000,FALSE,FALSE,FALSE,TikTok Live Likes / Shares / Comments,,,,,
380,Tiktok Live Comments [CUSTOM] [Max: 10K] [Start Time: 0 - 3 Hrs] [Speed: 5K/D],Custom Comments,1.25,1000,FALSE,FALSE,FALSE,TikTok Live Likes / Shares / Comments,,,,,
8065,Tiktok Live Comments [RANDOM] [Max: 100K] [Start Time: 0 - 1 Hours] [Speed: 100K/Day] ğŸ’§,Default,5.625,1000,TRUE,FALSE,FALSE,TikTok Live Likes / Shares / Comments,,,,,
7740,Tiktok Live Comments [RANDOM] [Max: 2M] [Start Time: Instant] [Speed: 2M/Day],Default,3.96,1000,FALSE,FALSE,FALSE,TikTok Live Likes / Shares / Comments,,,,,
7741,Tiktok Live Comments [CUSTOM] [Max: 2M] [Start Time: Instant] [Speed: 2M/Day],Custom Comments,6.6,1000,FALSE,FALSE,FALSE,TikTok Live Likes / Shares / Comments,,,,,
370,Tiktok Live Shares [Max: 10M] [Start Time: 0 - 3 Hrs] [Speed: 250K/D] ğŸ’§,Default,0.05,1000,TRUE,FALSE,FALSE,TikTok Live Likes / Shares / Comments,,,,,
8064,Tiktok Live Shares [Max: 100K] [Start Time: 0 - 1 Hours] [Speed: 100K/Day] ğŸ’§,Default,0.625,1000,TRUE,FALSE,FALSE,TikTok Live Likes / Shares / Comments,,,,,
7739,Tiktok Live Shares [Max: 50K] [Start Time: Instant] [Speed: 50K/Day],Default,0.228,1000,FALSE,FALSE,FALSE,TikTok Live Likes / Shares / Comments,,,,,
9406,TikTok Shares [Max: 10M] [Start Time: 0 - 1 Hr] [Refill: 365D] [Speed: Up to 80K/Day] ğŸ’§â™»ï¸,Default,0.0625,1000,TRUE,TRUE,FALSE,Tiktok Shares / Saves / Downloads,,,,,
8105,TikTok Shares [Max: 2M] [Start Time: 0 - 1 Hr] [Speed: 500K/Day] ğŸ’§,Default,0.075,1000,TRUE,FALSE,FALSE,Tiktok Shares / Saves / Downloads,,,,,
8066,TikTok Shares [Max: 100K] [Start Time: 0 - 1 Hours] [Speed: 100K/Day] ğŸ’§,Default,0.1,1000,FALSE,FALSE,FALSE,Tiktok Shares / Saves / Downloads,,,,,
8579,TikTok Shares [Max: 500K] [Start Time: 0 - 1 Hours] [Speed: 100K/Day] ğŸ’§,Default,0.2,1000,TRUE,FALSE,FALSE,Tiktok Shares / Saves / Downloads,,,,,
6208,TikTok Shares [Max: 50M] [Start Time: 1 Hour] [Speed: 1M/Day],Default,0.125,1000,FALSE,FALSE,FALSE,Tiktok Shares / Saves / Downloads,,,,,
7708,TikTok Shares [Max: 100M] [Start Time: 1 Hour] [Speed: 10M/Day] ğŸ’§,Default,0.15,1000,TRUE,FALSE,FALSE,Tiktok Shares / Saves / Downloads,,,,,
54,TikTok Saves [Max: 100K] [Refill: 30D] [Start Time: 0 - 1 Hr] [Speed: 50K/Day] ğŸ’§,Default,0.0002,1000,TRUE,FALSE,FALSE,Tiktok Shares / Saves / Downloads,,,,,
9405,TikTok Saves [Max: 10M] [Start Time: 0 - 1 Hr] [Refill: 30D] [Speed: Up to 80K/Day] ğŸ’§,Default,0.0088,1000,TRUE,FALSE,FALSE,Tiktok Shares / Saves / Downloads,,,,,
6209,TikTok Saves [Max: 2M] [Refill: 30D] [Start Time: 0 - 1 Hr] [Speed: 500K/Day] ğŸ’§,Default,0.4375,1000,TRUE,FALSE,FALSE,Tiktok Shares / Saves / Downloads,,,,,
7463,TikTok Video Saves [Refill: 30 D] [Max: 100K] [Start Time: 0-1 Hr] [Speed: 10K/Hour] ğŸ”¥,Default,0.1125,1000,TRUE,FALSE,FALSE,Tiktok Shares / Saves / Downloads,,,,,
7471,TikTok Video Download [Refill: 30 Days] [Max: 30K] [Start Time: 0-1 Hour] [Speed: 5K/Hour] ğŸ”¥â™»ï¸,Default,0.1875,1000,TRUE,FALSE,FALSE,Tiktok Shares / Saves / Downloads,,,,,
1396,Tiktok Video Shares [Refill: 30 Days] [Max: 100k] [Start Time: 0-1 Hour] [Speed: 100K/Day] ğŸ”¥ğŸ”¥ â™»ï¸,Default,1.2,1000,TRUE,FALSE,FALSE,Tiktok Shares / Saves / Downloads,,,,,
3375,TikTok Shares Post [Refill: 30 Days] [Max: 60K] [Start Time: 1 Hour] [Speed: 1K/Day] ğŸ’§ â™»ï¸,Default,2.25,1000,TRUE,FALSE,FALSE,Tiktok Shares / Saves / Downloads,,,,,
4375,ğŸ‡§ğŸ‡· Tiktok Shares [BRAZIL] [Refill: 30 Days] [Max: 2M] [Start Time: 0 - 1 Hours] [Speed: 1K/Day] ğŸ’§,Default,3.375,1000,TRUE,FALSE,FALSE,Tiktok Shares / Saves / Downloads,,,,,
3290,Tiktok Video Shares [Refill: 30 Days] [Max: 100K] [Start Time: 0-1 Hour] [Speed: 100K/Day] ğŸ”¥âš¡â­ â™»ï¸,Default,2.5,1000,FALSE,FALSE,FALSE,Tiktok Shares / Saves / Downloads,,,,,
4431,TikTok PK Battle Points [Max: 10M] [Start Time: 0-1 Hr] [Speed: 1M/D]ğŸ’§,Default,0.1,1000,TRUE,FALSE,FALSE,Tiktok PK Battle Points,,,,,
9299,TikTok PK Battle Points [Max: 100M] [Start Time: 0-1 Hr] [Speed: 500K/D] ğŸ’§,Default,0.1625,1000,TRUE,FALSE,FALSE,Tiktok PK Battle Points,,,,,
8869,TikTok PK Battle Points [Max: 100M] [Start Time: 0-1 Hr] [Speed: 5M/D] ğŸ’§,Default,0.175,1000,TRUE,FALSE,FALSE,Tiktok PK Battle Points,,,,,
592,ğŸ‡§ğŸ‡· TikTok Auto Likes [BRAZIL] [Refill: No] [Max: 50K] [Start Time: 1 Hour] [Speed: 4K/Day],Subscriptions,0.325,1000,FALSE,FALSE,TRUE,TikTok Auto Services,,,,,